Date,Close
5/16/2006,0.767106473
5/17/2006,0.759416759
5/18/2006,0.764000297
5/19/2006,0.757174194
5/22/2006,0.753409207
5/23/2006,0.750976324
5/24/2006,0.753125429
5/25/2006,0.760919154
5/26/2006,0.758092642
5/29/2006,0.759013295
5/30/2006,0.761788666
5/31/2006,0.752785325
6/1/2006,0.747887194
6/2/2006,0.751089036
6/5/2006,0.748278916
6/6/2006,0.741399765
6/7/2006,0.742390513
6/8/2006,0.742610991
6/9/2006,0.750525415
6/12/2006,0.742390513
6/13/2006,0.737626314
6/14/2006,0.737789571
6/15/2006,0.742610991
6/16/2006,0.739426255
6/19/2006,0.736485481
6/20/2006,0.737626314
6/21/2006,0.738606989
6/22/2006,0.733621836
6/23/2006,0.732010841
6/26/2006,0.732922852
6/27/2006,0.731796563
6/28/2006,0.729075491
6/29/2006,0.739426255
6/30/2006,0.742776513
7/3/2006,0.742776513
7/4/2006,0.74382621
7/5/2006,0.741894782
7/6/2006,0.745712161
7/7/2006,0.751992762
7/10/2006,0.747384131
7/11/2006,0.752671957
7/12/2006,0.752785325
7/13/2006,0.753579497
7/14/2006,0.754489243
7/17/2006,0.747887194
7/18/2006,0.746993303
7/19/2006,0.750581741
7/20/2006,0.750581741
7/21/2006,0.75420469
7/24/2006,0.753579497
7/25/2006,0.753522694
7/26/2006,0.760803461
7/27/2006,0.762892902
7/28/2006,0.766694784
7/31/2006,0.765872717
8/1/2006,0.764993906
8/2/2006,0.764584482
8/3/2006,0.761208832
8/4/2006,0.765579522
8/7/2006,0.763417006
8/8/2006,0.757920265
8/9/2006,0.765872717
8/10/2006,0.768521369
8/11/2006,0.766871154
8/14/2006,0.75999397
8/15/2006,0.765228033
8/16/2006,0.768816829
8/17/2006,0.761788666
8/18/2006,0.760514081
8/21/2006,0.762427568
8/22/2006,0.762485743
8/23/2006,0.762311339
8/24/2006,0.761324704
8/25/2006,0.757920265
8/28/2006,0.759589851
8/29/2006,0.763825238
8/30/2006,0.764117062
8/31/2006,0.763300538
9/1/2006,0.767283022
9/4/2006,0.77089119
9/5/2006,0.770178676
9/6/2006,0.767224133
9/7/2006,0.758495152
9/8/2006,0.75420469
9/11/2006,0.750581741
9/12/2006,0.751823127
9/13/2006,0.75329566
9/14/2006,0.754318476
9/15/2006,0.752275586
9/18/2006,0.755572319
9/19/2006,0.751879692
9/20/2006,0.752671957
9/21/2006,0.757288873
9/22/2006,0.751879692
9/25/2006,0.753409207
9/26/2006,0.751484156
9/27/2006,0.751089036
9/28/2006,0.748783231
9/29/2006,0.746491492
10/2/2006,0.748278916
10/3/2006,0.743107677
10/4/2006,0.745712161
10/5/2006,0.745878994
10/6/2006,0.743881583
10/9/2006,0.744324505
10/10/2006,0.743715644
10/11/2006,0.742280245
10/12/2006,0.75142771
10/13/2006,0.750976324
10/16/2006,0.753409207
10/17/2006,0.753522694
10/18/2006,0.754887879
10/19/2006,0.758725345
10/20/2006,0.758322597
10/23/2006,0.757002294
10/24/2006,0.759301424
10/25/2006,0.761672676
10/26/2006,0.76452601
10/27/2006,0.769171596
10/30/2006,0.769171596
10/31/2006,0.775013566
11/1/2006,0.774173558
11/2/2006,0.774413347
11/3/2006,0.770416021
11/6/2006,0.771009982
11/7/2006,0.772976756
11/8/2006,0.770772338
11/9/2006,0.76952672
11/10/2006,0.767872214
11/13/2006,0.764117062
11/14/2006,0.766224861
11/15/2006,0.764993906
11/16/2006,0.766518474
11/17/2006,0.768994153
11/20/2006,0.770119429
11/21/2006,0.770772338
11/22/2006,0.774773419
11/23/2006,0.775013566
11/24/2006,0.778573632
11/27/2006,0.778391838
11/28/2006,0.783883393
11/29/2006,0.783024073
11/30/2006,0.788581312
12/1/2006,0.791577637
12/4/2006,0.788830221
12/5/2006,0.786720157
12/6/2006,0.784621418
12/7/2006,0.788581312
12/8/2006,0.786782026
12/11/2006,0.785607696
12/12/2006,0.787587583
12/13/2006,0.786596417
12/14/2006,0.783699036
12/15/2006,0.783208013
12/18/2006,0.78137207
12/19/2006,0.78517592
12/20/2006,0.785916388
12/21/2006,0.78437525
12/22/2006,0.783514857
12/25/2006,4.569965839
12/26/2006,0.782595098
12/27/2006,0.785114229
12/28/2006,0.790201545
12/29/2006,0.788830221
1/1/2007,0.791014075
1/2/2007,0.796178341
1/3/2007,0.792204678
1/4/2007,0.783392072
1/5/2007,0.78027463
1/8/2007,0.78161639
1/9/2007,0.780822992
1/10/2007,0.777121544
1/11/2007,0.779970407
1/12/2007,0.783208013
1/15/2007,0.784129202
1/16/2007,0.78247261
1/17/2007,0.787401557
1/18/2007,0.789702296
1/19/2007,0.789702296
1/22/2007,0.788022041
1/23/2007,0.792393029
1/24/2007,0.780822992
1/25/2007,0.77339524
1/26/2007,0.772678137
1/29/2007,0.772678137
1/30/2007,0.77190274
1/31/2007,0.77567488
2/1/2007,0.774113655
2/2/2007,0.775013566
2/5/2007,0.776096284
2/6/2007,0.777484059
2/7/2007,0.779423237
2/8/2007,0.78137207
2/9/2007,0.776880085
2/12/2007,0.772200823
2/13/2007,0.778998196
2/14/2007,0.783392072
2/15/2007,0.78357619
2/16/2007,0.78721559
2/19/2007,0.786287129
2/20/2007,0.788022041
2/21/2007,0.790888965
2/22/2007,0.789390564
2/23/2007,0.791891038
2/26/2007,0.794028878
2/27/2007,0.785978138
2/28/2007,0.787091732
3/1/2007,0.784990966
3/2/2007,0.784129202
3/5/2007,0.769704401
3/6/2007,0.774773419
3/7/2007,0.775975823
3/8/2007,0.778391838
3/9/2007,0.781311095
3/12/2007,0.785978138
3/13/2007,0.781677485
3/14/2007,0.787091732
3/15/2007,0.78907913
3/16/2007,0.796368539
3/19/2007,0.801410496
3/20/2007,0.804181755
3/21/2007,0.808472812
3/22/2007,0.806776881
3/23/2007,0.806516647
3/26/2007,0.810504079
3/27/2007,0.808211386
3/28/2007,0.805801749
3/29/2007,0.80742836
3/30/2007,0.80932343
4/2/2007,0.816793263
4/3/2007,0.812017858
4/4/2007,0.819067836
4/5/2007,0.819604933
4/6/2007,0.81987375
4/9/2007,0.816193223
4/10/2007,0.826377928
4/11/2007,0.825627506
4/12/2007,0.831324279
4/13/2007,0.832916856
4/16/2007,0.832223713
4/17/2007,0.836400092
4/18/2007,0.83878547
4/19/2007,0.835771024
4/20/2007,0.836680055
4/23/2007,0.833194494
4/24/2007,0.82822597
4/25/2007,0.833819687
4/26/2007,0.826377928
4/27/2007,0.831669986
4/30/2007,0.829875469
5/1/2007,0.826993048
5/2/2007,0.824810326
5/3/2007,0.823384166
5/4/2007,0.821085453
5/7/2007,0.824810326
5/8/2007,0.828020215
5/9/2007,0.827883065
5/10/2007,0.825627506
5/11/2007,0.833194494
5/14/2007,0.832570136
5/15/2007,0.833819687
5/16/2007,0.825423002
5/17/2007,0.823519707
5/18/2007,0.824130535
5/21/2007,0.821625173
5/22/2007,0.82020998
5/23/2007,0.822977483
5/24/2007,0.818531573
5/25/2007,0.819604933
5/28/2007,0.81926918
5/29/2007,0.818598509
5/30/2007,0.822977483
5/31/2007,0.828431785
6/1/2007,0.831808329
6/4/2007,0.834376276
6/5/2007,0.837100267
6/6/2007,0.841184378
6/7/2007,0.841396689
6/8/2007,0.84338361
6/11/2007,0.843028128
6/12/2007,0.840194941
6/13/2007,0.840124369
6/14/2007,0.835980594
6/15/2007,0.840477347
6/18/2007,0.843028128
6/19/2007,0.846023679
6/20/2007,0.843597114
6/21/2007,0.846883476
6/22/2007,0.848608255
6/25/2007,0.847026885
6/26/2007,0.846166849
6/27/2007,0.839489579
6/28/2007,0.846811771
6/29/2007,0.84817642
7/2/2007,0.859475732
7/3/2007,0.855724812
7/4/2007,0.857780099
7/5/2007,0.856384277
7/6/2007,0.848104477
7/9/2007,0.860215008
7/10/2007,0.859106481
7/11/2007,0.862887204
7/12/2007,0.867227435
7/13/2007,0.869262815
7/16/2007,0.871687591
7/17/2007,0.872828841
7/18/2007,0.877577841
7/19/2007,0.879971862
7/20/2007,0.880281687
7/23/2007,0.883002162
7/24/2007,0.883002162
7/25/2007,0.885034084
7/26/2007,0.871991575
7/27/2007,0.852079093
7/30/2007,0.858811438
7/31/2007,0.852006495
8/1/2007,0.854773939
8/2/2007,0.858516455
8/3/2007,0.857927263
8/6/2007,0.858369112
8/7/2007,0.855066299
8/8/2007,0.863185167
8/9/2007,0.850701809
8/10/2007,0.845809042
8/13/2007,0.84182173
8/14/2007,0.834585249
8/15/2007,0.818598509
8/16/2007,0.796368539
8/17/2007,0.798275769
8/20/2007,0.806191564
8/21/2007,0.79942441
8/22/2007,0.809192419
8/23/2007,0.817394137
8/24/2007,0.824810326
8/27/2007,0.825968444
8/28/2007,0.813206494
8/29/2007,0.81900084
8/30/2007,0.816926718
8/31/2007,0.816526532
9/3/2007,0.821422756
9/4/2007,0.825900197
9/5/2007,0.822977483
9/6/2007,0.829393685
9/7/2007,0.826377928
9/11/2007,0.834028363
9/12/2007,0.842388988
9/13/2007,0.835073054
9/14/2007,0.84203434
9/17/2007,0.83361119
9/18/2007,0.850412488
9/19/2007,0.85587126
9/20/2007,0.865426183
9/21/2007,0.864977062
9/24/2007,0.867227435
9/25/2007,0.874278724
9/26/2007,0.875196874
9/27/2007,0.879662156
9/28/2007,0.885896504
10/1/2007,0.894374371
10/2/2007,0.883782566
10/3/2007,0.882768393
10/4/2007,0.888888896
10/5/2007,0.900414169
10/8/2007,0.893575191
10/9/2007,0.899766028
10/10/2007,0.897585511
10/11/2007,0.900982082
10/12/2007,0.904486239
10/15/2007,0.900170982
10/16/2007,0.889917195
10/17/2007,0.890630543
10/18/2007,0.896298289
10/19/2007,0.893814743
10/22/2007,0.888178349
10/23/2007,0.898634076
10/24/2007,0.904077411
10/25/2007,0.908430219
10/26/2007,0.916926444
10/29/2007,0.922594368
10/30/2007,0.920471251
10/31/2007,0.931792796
11/1/2007,0.915164292
11/2/2007,0.923361063
11/5/2007,0.921319366
11/6/2007,0.931966484
11/7/2007,0.924641669
11/8/2007,0.927385688
11/9/2007,0.914829433
11/12/2007,0.879971862
11/13/2007,0.900576413
11/14/2007,0.896217942
11/15/2007,0.887626469
11/16/2007,0.891186178
11/19/2007,0.882378936
11/20/2007,0.891106725
11/21/2007,0.869187236
11/22/2007,0.872372031
11/23/2007,0.877269983
11/27/2007,0.877577841
11/28/2007,0.886210561
11/29/2007,0.88323617
11/30/2007,0.885504305
12/3/2007,0.881212592
12/4/2007,0.872372031
12/5/2007,0.871004283
12/6/2007,0.879817009
12/7/2007,0.877500832
12/10/2007,0.885582745
12/11/2007,0.877192974
12/12/2007,0.884720862
12/13/2007,0.878425896
12/14/2007,0.862515092
12/17/2007,0.858295441
12/19/2007,0.858590186
12/20/2007,0.859032691
12/21/2007,0.86587584
12/24/2007,0.871915579
12/25/2007,0.870625138
12/26/2007,0.874737561
12/27/2007,0.877577841
12/28/2007,0.874278724
12/31/2007,0.874278724
1/1/2008,0.877116024
1/2/2008,0.884016991
1/3/2008,0.881600976
1/4/2008,0.876577854
1/7/2008,0.871915579
1/8/2008,0.879584849
1/9/2008,0.883080184
1/10/2008,0.894614398
1/11/2008,0.893016636
1/14/2008,0.898391843
1/15/2008,0.883782566
1/16/2008,0.878966391
1/17/2008,0.873362482
1/18/2008,0.880436718
1/21/2008,0.857265353
1/22/2008,0.872372031
1/23/2008,0.872828841
1/24/2008,0.882924259
1/25/2008,0.882067561
1/28/2008,0.888494015
1/29/2008,0.888572991
1/30/2008,0.884720862
1/31/2008,0.895415485
2/1/2008,0.904568076
2/4/2008,0.907770455
2/5/2008,0.89597708
2/6/2008,0.892379105
2/7/2008,0.894774556
2/8/2008,0.894774556
2/11/2008,0.904077411
2/12/2008,0.90366888
2/13/2008,0.89702189
2/14/2008,0.902038574
2/15/2008,0.907523394
2/18/2008,0.91650629
2/19/2008,0.921319366
2/20/2008,0.919793904
2/21/2008,0.919371128
2/22/2008,0.920895159
2/25/2008,0.927988112
2/26/2008,0.933968365
2/27/2008,0.941796958
2/28/2008,0.945358217
2/29/2008,0.929713607
3/3/2008,0.939496458
3/4/2008,0.926784039
3/5/2008,0.93431747
3/6/2008,0.929368079
3/7/2008,0.927815914
3/10/2008,0.916422307
3/11/2008,0.928763866
3/12/2008,0.935979009
3/13/2008,0.945358217
3/14/2008,0.938967109
3/17/2008,0.920640767
3/18/2008,0.930059552
3/19/2008,0.913826168
3/20/2008,0.900738597
3/21/2008,0.8974244
3/24/2008,0.909918129
3/25/2008,0.91650629
3/26/2008,0.919793904
3/27/2008,0.920640767
3/28/2008,0.917094648
3/31/2008,0.913826168
4/2/2008,0.914160371
4/3/2008,0.915583193
4/4/2008,0.921998918
4/7/2008,0.925240517
4/8/2008,0.931011975
4/9/2008,0.929800093
4/10/2008,0.932227075
4/11/2008,0.929281652
4/14/2008,0.926097393
4/15/2008,0.925668836
4/16/2008,0.939584732
4/17/2008,0.937382817
4/18/2008,0.933881283
4/21/2008,0.9434852
4/22/2008,0.945894837
4/23/2008,0.947508037
4/24/2008,0.938526511
4/25/2008,0.93327117
4/28/2008,0.938614607
4/29/2008,0.932661891
4/30/2008,0.943752348
5/2/2008,0.93729496
5/5/2008,0.945984244
5/6/2008,0.950209081
5/7/2008,0.940026343
5/8/2008,0.943841457
5/9/2008,0.942862511
5/12/2008,0.946342409
5/13/2008,0.941442311
5/14/2008,0.9310987
5/15/2008,0.94073379
5/16/2008,0.956022918
5/19/2008,0.95337975
5/20/2008,0.957762599
5/21/2008,0.962093532
5/22/2008,0.957212567
5/23/2008,0.960984111
5/26/2008,0.960891724
5/27/2008,0.958772779
5/28/2008,0.962556541
5/29/2008,0.956388652
5/30/2008,0.956480145
6/2/2008,0.954471648
6/3/2008,0.951474786
6/4/2008,0.956663132
6/5/2008,0.958772779
6/6/2008,0.963112772
6/9/2008,0.951384246
6/10/2008,0.945984244
6/11/2008,0.947418272
6/12/2008,0.937207103
6/13/2008,0.939761281
6/16/2008,0.941442311
6/17/2008,0.944643915
6/18/2008,0.946163297
6/19/2008,0.949847996
6/20/2008,0.954289556
6/23/2008,0.951837003
6/24/2008,0.957304239
6/25/2008,0.958956718
6/26/2008,0.955931544
6/27/2008,0.961723387
6/30/2008,0.958037913
7/2/2008,0.96237123
7/3/2008,0.960061431
7/4/2008,0.963855386
7/7/2008,0.95584017
7/8/2008,0.953561604
7/9/2008,0.955474913
7/10/2008,0.961538494
7/11/2008,0.967492282
7/14/2008,0.971062303
7/15/2008,0.978952527
7/16/2008,0.974373996
7/17/2008,0.972857296
7/18/2008,0.972857296
7/21/2008,0.97656244
7/22/2008,0.971817255
7/23/2008,0.961168766
7/24/2008,0.959692836
7/25/2008,0.956388652
7/28/2008,0.957029462
7/29/2008,0.952381015
7/30/2008,0.94339627
7/31/2008,0.940556824
8/1/2008,0.932227075
8/4/2008,0.928591311
8/5/2008,0.916926444
8/6/2008,0.911327779
8/7/2008,0.9058792
8/8/2008,0.891662955
8/11/2008,0.883782566
8/12/2008,0.869414032
8/13/2008,0.870321989
8/14/2008,0.866325915
8/15/2008,0.868281662
8/18/2008,0.868507922
8/19/2008,0.873743951
8/20/2008,0.872752666
8/21/2008,0.878503084
8/22/2008,0.869111776
8/25/2008,0.860289037
8/26/2008,0.855431974
8/27/2008,0.858221769
8/28/2008,0.863632441
8/29/2008,0.856531024
9/1/2008,0.848392308
9/2/2008,0.836820066
9/3/2008,0.834794164
9/4/2008,0.817327321
9/5/2008,0.811293244
9/8/2008,0.816793263
9/9/2008,0.805153012
9/10/2008,0.798913479
9/11/2008,0.802503824
9/12/2008,0.82850039
9/15/2008,0.797829926
9/16/2008,0.795608282
9/17/2008,0.790576339
9/18/2008,0.8021819
9/19/2008,0.83361119
9/22/2008,0.84516567
9/23/2008,0.83878547
9/24/2008,0.833680749
9/25/2008,0.836820066
9/26/2008,0.829668999
9/29/2008,0.798275769
9/30/2008,0.792581439
10/1/2008,0.792204678
10/2/2008,0.773814142
10/3/2008,0.777907372
10/6/2008,0.721396625
10/7/2008,0.711490571
10/8/2008,0.670016766
10/9/2008,0.682966828
10/10/2008,0.643790603
10/13/2008,0.704423785
10/14/2008,0.701508224
10/15/2008,0.656814456
10/16/2008,0.684884548
10/17/2008,0.690703094
10/20/2008,0.702691317
10/21/2008,0.678333998
10/22/2008,0.667690456
10/23/2008,0.670780778
10/24/2008,0.620693922
10/27/2008,0.605326891
10/28/2008,0.650491118
10/29/2008,0.67118597
10/30/2008,0.669792354
10/31/2008,0.668985844
11/3/2008,0.675630033
11/4/2008,0.698421538
11/5/2008,0.678886592
11/6/2008,0.665601671
11/7/2008,0.67340064
11/10/2008,0.671591699
11/11/2008,0.656512618
11/12/2008,0.637714446
11/13/2008,0.666089416
11/14/2008,0.647081673
11/17/2008,0.64850843
11/18/2008,0.65040648
11/19/2008,0.638202786
11/20/2008,0.610016465
11/21/2008,0.63171196
11/24/2008,0.649983764
11/25/2008,0.648802936
11/26/2008,0.653381228
11/27/2008,0.656211019
11/28/2008,0.654107809
12/1/2008,0.635202944
12/2/2008,0.643169522
12/3/2008,0.648214161
12/4/2008,0.643542051
12/5/2008,0.648298204
12/8/2008,0.66299808
12/9/2008,0.657591879
12/10/2008,0.656038821
12/11/2008,0.669702649
12/12/2008,0.66471684
12/15/2008,0.668806851
12/16/2008,0.694106996
12/17/2008,0.705318153
12/18/2008,0.692185223
12/19/2008,0.687805235
12/22/2008,0.68418175
12/23/2008,0.679578662
12/24/2008,0.683900952
12/25/2008,0.681709707
12/26/2008,0.681013346
12/29/2008,0.690321684
12/30/2008,0.691084981
12/31/2008,0.705517113
1/1/2009,0.705019712
1/2/2009,0.709320426
1/5/2009,0.714285731
1/6/2009,0.720357299
1/7/2009,0.710277736
1/8/2009,0.711997151
1/9/2009,0.706813633
1/12/2009,0.679532468
1/13/2009,0.667601287
1/14/2009,0.66471684
1/15/2009,0.666577756
1/16/2009,0.671005785
1/19/2009,0.667378545
1/20/2009,0.648887157
1/21/2009,0.658284545
1/22/2009,0.654578805
1/23/2009,0.652315736
1/26/2009,0.661857188
1/27/2009,0.664540172
1/28/2009,0.665203214
1/29/2009,0.650195062
1/30/2009,0.638488054
2/2/2009,0.630517066
2/3/2009,0.649139881
2/4/2009,0.642714858
2/5/2009,0.651763022
2/6/2009,0.675721347
2/9/2009,0.674809396
2/10/2009,0.657202959
2/11/2009,0.654107809
2/12/2009,0.656814456
2/13/2009,0.659500122
2/16/2009,0.652869344
2/17/2009,0.637308002
2/18/2009,0.639304399
2/19/2009,0.644288421
2/20/2009,0.646203578
2/23/2009,0.640656054
2/24/2009,0.652400851
2/25/2009,0.646997929
2/26/2009,0.646914244
2/27/2009,0.642219484
3/2/2009,0.629485071
3/3/2009,0.637917817
3/4/2009,0.646997929
3/5/2009,0.639018476
3/6/2009,0.642013371
3/9/2009,0.634799719
3/10/2009,0.648088157
3/11/2009,0.648214161
3/12/2009,0.654150605
3/13/2009,0.658414543
3/16/2009,0.659587085
3/17/2009,0.66299808
3/18/2009,0.678380013
3/19/2009,0.688089192
3/20/2009,0.686813176
3/23/2009,0.70417577
3/24/2009,0.699007392
3/25/2009,0.699007392
3/26/2009,0.702493906
3/27/2009,0.696621358
3/30/2009,0.679994583
3/31/2009,0.691802144
4/1/2009,0.699007392
4/2/2009,0.716948688
4/3/2009,0.715000749
4/6/2009,0.711794436
4/7/2009,0.711997151
4/8/2009,0.708114982
4/9/2009,0.71885556
4/10/2009,0.718700588
4/13/2009,0.730513573
4/14/2009,0.723118067
4/15/2009,0.728279054
4/16/2009,0.720616877
4/17/2009,0.722804487
4/20/2009,0.699986041
4/21/2009,0.708867967
4/22/2009,0.707714081
4/23/2009,0.713623106
4/24/2009,0.722125947
4/27/2009,0.707013607
4/28/2009,0.70651406
4/29/2009,0.724900305
4/30/2009,0.726691425
5/1/2009,0.732815504
5/4/2009,0.741124988
5/5/2009,0.740795612
5/6/2009,0.748839319
5/7/2009,0.755058944
5/8/2009,0.767990232
5/11/2009,0.759936213
5/12/2009,0.76610738
5/13/2009,0.753693104
5/14/2009,0.760398448
5/15/2009,0.748783231
5/18/2009,0.765990019
5/19/2009,0.774593353
5/20/2009,0.77519381
5/21/2009,0.778391838
5/22/2009,0.784806192
5/25/2009,0.780822992
5/26/2009,0.788022041
5/27/2009,0.777846932
5/28/2009,0.784190714
5/29/2009,0.801025331
6/1/2009,0.810438454
6/2/2009,0.820681155
6/3/2009,0.802568197
6/4/2009,0.801282048
6/5/2009,0.794407368
6/8/2009,0.790263891
6/9/2009,0.801988959
6/10/2009,0.802375019
6/11/2009,0.820613801
6/12/2009,0.813471079
6/15/2009,0.794028878
6/16/2009,0.792393029
6/17/2009,0.792832792
6/18/2009,0.800576448
6/19/2009,0.805607021
6/22/2009,0.787029803
6/23/2009,0.794470489
6/24/2009,0.79770261
6/25/2009,0.803600132
6/26/2009,0.805412352
6/29/2009,0.810110152
6/30/2009,0.806191564
7/1/2009,0.808996081
7/2/2009,0.792707086
7/3/2009,0.793902814
7/6/2009,0.796114922
7/7/2009,0.788643539
7/8/2009,0.777000785
7/9/2009,0.784929335
7/10/2009,0.779970407
7/13/2009,0.784190714
7/14/2009,0.794028878
7/15/2009,0.802697062
7/16/2009,0.804117084
7/17/2009,0.803212821
7/20/2009,0.814000785
7/21/2009,0.815328121
7/22/2009,0.815461159
7/23/2009,0.814929485
7/24/2009,0.818129718
7/27/2009,0.822030365
7/28/2009,0.823994696
7/29/2009,0.81539464
7/30/2009,0.825014412
7/31/2009,0.835631311
8/3/2009,0.843028128
8/4/2009,0.844808698
8/5/2009,0.840972126
8/6/2009,0.840830803
8/7/2009,0.837380648
8/10/2009,0.836610079
8/11/2009,0.829600155
8/12/2009,0.834376276
8/13/2009,0.843028128
8/14/2009,0.833194494
8/17/2009,0.823180795
8/18/2009,0.830082178
8/19/2009,0.830426812
8/20/2009,0.832431495
8/21/2009,0.83416754
8/24/2009,0.837380648
8/25/2009,0.833402753
8/26/2009,0.827198267
8/27/2009,0.840760052
8/28/2009,0.843028128
8/31/2009,0.842886031
9/1/2009,0.825832069
9/2/2009,0.834794164
9/3/2009,0.839419127
9/4/2009,0.851788759
9/7/2009,0.855431974
9/8/2009,0.863781691
9/9/2009,0.861994684
9/10/2009,0.862366319
9/11/2009,0.863036156
9/14/2009,0.862515092
9/15/2009,0.864378929
9/16/2009,0.873209894
9/17/2009,0.870928407
9/18/2009,0.867980242
9/21/2009,0.864378929
9/22/2009,0.876962185
9/23/2009,0.869187236
9/24/2009,0.863185167
9/25/2009,0.866100788
9/28/2009,0.872905076
9/29/2009,0.873820364
9/30/2009,0.883782566
10/1/2009,0.868432462
10/2/2009,0.86587584
10/5/2009,0.877423823
10/6/2009,0.890630543
10/7/2009,0.893016636
10/8/2009,0.904404461
10/9/2009,0.903913975
10/12/2009,0.908347666
10/13/2009,0.906371832
10/14/2009,0.915834785
10/15/2009,0.924043596
10/16/2009,0.916422307
10/19/2009,0.928418875
10/20/2009,0.924385309
10/21/2009,0.927213669
10/22/2009,0.928763866
10/23/2009,0.922339022
10/26/2009,0.916002572
10/27/2009,0.917431176
10/28/2009,0.898876429
10/29/2009,0.914745748
10/30/2009,0.900982082
11/2/2009,0.905305147
11/3/2009,0.904322624
11/4/2009,0.909835339
11/5/2009,0.910415173
11/6/2009,0.918526649
11/9/2009,0.931619108
11/10/2009,0.930578828
11/11/2009,0.930405617
11/12/2009,0.925069392
11/13/2009,0.933881283
11/16/2009,0.936680377
11/17/2009,0.931272149
11/18/2009,0.928332686
11/19/2009,0.919455707
11/20/2009,0.915080488
11/23/2009,0.92370218
11/24/2009,0.921319366
11/25/2009,0.92962718
11/26/2009,0.904404461
11/27/2009,0.907605767
11/30/2009,0.917599559
12/1/2009,0.925583124
12/2/2009,0.927815914
12/3/2009,0.924385309
12/4/2009,0.915331841
12/7/2009,0.915164292
12/8/2009,0.902364254
12/9/2009,0.909587026
12/10/2009,0.916422307
12/11/2009,0.912991881
12/14/2009,0.915583193
12/15/2009,0.906125367
12/16/2009,0.899442375
12/17/2009,0.885661185
12/18/2009,0.890868664
12/21/2009,0.88059181
12/22/2009,0.876501024
12/23/2009,0.879817009
12/24/2009,0.8845644
12/25/2009,0.885034084
12/28/2009,0.88683933
12/29/2009,0.893734992
12/30/2009,0.894374371
12/31/2009,0.898311198
1/1/2010,0.898472548
1/4/2010,0.912491977
1/5/2010,0.911826432
1/6/2010,0.920471251
1/7/2010,0.917768002
1/8/2010,0.925069392
1/11/2010,0.929713607
1/12/2010,0.920471251
1/13/2010,0.924214423
1/14/2010,0.931358874
1/15/2010,0.922679484
1/18/2010,0.927385688
1/19/2010,0.922594368
1/20/2010,0.911493897
1/21/2010,0.904568076
1/22/2010,0.901225686
1/25/2010,0.904977381
1/26/2010,0.900170982
1/27/2010,0.896298289
1/28/2010,0.893575191
1/29/2010,0.884329677
2/1/2010,0.891981125
2/2/2010,0.887311459
2/3/2010,0.882223189
2/4/2010,0.868960738
2/5/2010,0.868583381
2/8/2010,0.86348331
2/9/2010,0.877500832
2/10/2010,0.876808465
2/11/2010,0.890234172
2/12/2010,0.889284074
2/15/2010,0.889284074
2/16/2010,0.901306868
2/17/2010,0.89871484
2/18/2010,0.88967973
2/19/2010,0.900009036
2/22/2010,0.900170982
2/23/2010,0.892777443
2/24/2010,0.894374371
2/25/2010,0.886524796
2/26/2010,0.895896792
3/1/2010,0.900495291
3/2/2010,0.904977381
3/3/2010,0.905223191
3/4/2010,0.899766028
3/5/2010,0.907935321
3/8/2010,0.908347666
3/9/2010,0.915415645
3/10/2010,0.913909674
3/11/2010,0.915583193
3/12/2010,0.914913058
3/15/2010,0.913659275
3/16/2010,0.919033229
3/17/2010,0.923531532
3/18/2010,0.921234429
3/19/2010,0.916170359
3/22/2010,0.918526649
3/23/2010,0.917936444
3/24/2010,0.911909521
3/25/2010,0.908595324
3/26/2010,0.904404461
3/29/2010,0.916758299
3/30/2010,0.91861105
3/31/2010,0.915583193
4/1/2010,0.920640767
4/2/2010,0.919624805
4/5/2010,0.920895159
4/6/2010,0.927815914
4/7/2010,0.927213669
4/8/2010,0.92902261
4/9/2010,0.933532476
4/12/2010,0.926612258
4/13/2010,0.927988112
4/14/2010,0.935979009
4/15/2010,0.933968365
4/16/2010,0.924299836
4/19/2010,0.925411761
4/20/2010,0.931358874
4/21/2010,0.927557766
4/22/2010,0.925754547
4/23/2010,0.927901983
4/26/2010,0.927815914
4/27/2010,0.916590333
4/28/2010,0.924641669
4/29/2010,0.930838645
4/30/2010,0.924812734
5/3/2010,0.926869988
5/4/2010,0.909587026
5/5/2010,0.906782746
5/6/2010,0.886603415
5/7/2010,0.888020635
5/10/2010,0.902527034
5/11/2010,0.894614398
5/12/2010,0.89517498
5/13/2010,0.895495594
5/14/2010,0.886132061
5/17/2010,0.877500832
5/18/2010,0.861771762
5/19/2010,0.847673118
5/20/2010,0.813404858
5/21/2010,0.832778215
5/24/2010,0.824810326
5/25/2010,0.82795161
5/26/2010,0.825832069
5/27/2010,0.847026885
5/28/2010,0.847385824
5/31/2010,0.846596658
6/1/2010,0.833194494
6/2/2010,0.84182173
6/3/2010,0.84338361
6/4/2010,0.824198484
6/7/2010,0.811490655
6/8/2010,0.826173186
6/9/2010,0.829668999
6/10/2010,0.847601235
6/11/2010,0.850701809
6/14/2010,0.858516455
6/15/2010,0.86422956
6/16/2010,0.86348331
6/17/2010,0.86760366
6/18/2010,0.87206763
6/21/2010,0.876731575
6/22/2010,0.872828841
6/23/2010,0.874890625
6/24/2010,0.86760366
6/25/2010,0.87443161
6/28/2010,0.869565248
6/29/2010,0.849906504
6/30/2010,0.841325998
7/1/2010,0.847026885
7/2/2010,0.842105269
7/5/2010,0.837520957
7/6/2010,0.850919008
7/7/2010,0.863557875
7/8/2010,0.877423823
7/9/2010,0.878194451
7/12/2010,0.876117051
7/13/2010,0.883782566
7/14/2010,0.88167876
7/15/2010,0.883782566
7/16/2010,0.869716525
7/19/2010,0.867754221
7/20/2010,0.88245672
7/21/2010,0.876424193
7/22/2010,0.894374371
7/23/2010,0.895896792
7/26/2010,0.902038574
7/27/2010,0.901306868
7/28/2010,0.892618001
7/29/2010,0.901957214
7/30/2010,0.904404461
8/2/2010,0.912825227
8/3/2010,0.913158596
8/4/2010,0.912908554
8/5/2010,0.916590333
8/6/2010,0.915164292
8/9/2010,0.918189347
8/10/2010,0.916002572
8/11/2010,0.913408816
8/12/2010,0.894214451
8/13/2010,0.897585511
8/16/2010,0.893894672
8/17/2010,0.89597708
8/18/2010,0.905386984
8/19/2010,0.898391843
8/20/2010,0.891424537
8/23/2010,0.888020635
8/24/2010,0.890075684
8/25/2010,0.88354826
8/26/2010,0.884720862
8/27/2010,0.884877443
8/30/2010,0.902689993
8/31/2010,0.89182198
9/1/2010,0.893255889
9/2/2010,0.909835339
9/3/2010,0.91000092
9/6/2010,0.915750921
9/7/2010,0.916758299
9/8/2010,0.910580993
9/9/2010,0.918273628
9/10/2010,0.923020124
9/13/2010,0.929195285
9/14/2010,0.933794022
9/15/2010,0.940026343
9/16/2010,0.938967109
9/17/2010,0.936154306
9/20/2010,0.937646568
9/21/2010,0.946431994
9/22/2010,0.953561604
9/23/2010,0.953016341
9/24/2010,0.949847996
9/27/2010,0.960891724
9/28/2010,0.959969282
9/29/2010,0.967117965
9/30/2010,0.969367981
10/1/2010,0.964413106
10/4/2010,0.971722901
10/5/2010,0.967024386
10/6/2010,0.971817255
10/7/2010,0.976467192
10/8/2010,0.982511342
10/11/2010,0.989511192
10/12/2010,0.984251916
10/13/2010,0.986679852
10/14/2010,0.991375029
10/15/2010,0.993344545
10/18/2010,0.989021778
10/19/2010,0.989609122
10/20/2010,0.970779538
10/21/2010,0.985804439
10/22/2010,0.978856683
10/25/2010,0.983671069
10/26/2010,0.990099013
10/27/2010,0.986387849
10/28/2010,0.972762644
10/29/2010,0.972762644
11/1/2010,0.986679852
11/2/2010,0.988630772
11/3/2010,0.999000967
11/4/2010,1.003935456
11/5/2010,1.015702724
11/8/2010,1.01642549
11/9/2010,1.010396957
11/10/2010,1.004813075
11/11/2010,1.004601121
11/12/2010,0.996412933
11/15/2010,0.989021778
11/16/2010,0.983574271
11/17/2010,0.975990593
11/18/2010,0.98173964
11/19/2010,0.99058938
11/22/2010,0.990197062
11/23/2010,0.986582458
11/24/2010,0.974658847
11/25/2010,0.985027552
11/26/2010,0.977325976
11/29/2010,0.965996921
11/30/2010,0.960707068
12/1/2010,0.959784985
12/2/2010,0.966183603
12/3/2010,0.976944149
12/6/2010,0.991965055
12/7/2010,0.988630772
12/8/2010,0.982994199
12/9/2010,0.979240179
12/10/2010,0.984348834
12/13/2010,0.984155059
12/14/2010,0.99502486
12/15/2010,0.997406781
12/16/2010,0.987166822
12/17/2010,0.989413261
12/20/2010,0.988142312
12/21/2010,0.992851496
12/22/2010,0.996611536
12/23/2010,0.999400377
12/24/2010,1.004298329
12/27/2010,1.000330091
12/28/2010,1.005803466
12/29/2010,1.00958097
12/30/2010,1.017397523
12/31/2010,1.015774965
1/3/2011,1.021440029
1/4/2011,1.016911268
1/5/2011,1.007201433
1/6/2011,0.999899983
1/7/2011,0.993048668
1/10/2011,0.995222986
1/11/2011,0.99472791
1/12/2011,0.982221782
1/13/2011,0.995817602
1/14/2011,0.998203278
1/17/2011,0.990883887
1/18/2011,0.992950082
1/19/2011,0.997705281
1/20/2011,0.996909559
1/21/2011,0.985901594
1/24/2011,0.989609122
1/25/2011,0.997605681
1/26/2011,0.995222986
1/27/2011,0.99930048
1/28/2011,0.990099013
1/31/2011,0.987361789
2/1/2011,0.997406781
2/2/2011,1.011081457
2/3/2011,1.011603117
2/4/2011,1.01461041
2/7/2011,1.012596726
2/8/2011,1.013397098
2/9/2011,1.01479578
2/10/2011,1.010795355
2/11/2011,1.001401901
2/14/2011,1.001592517
2/15/2011,1.002104402
2/16/2011,0.997307301
2/17/2011,1.003029108
2/18/2011,1.012196898
2/21/2011,1.014497161
2/22/2011,1.008725524
2/23/2011,1.000400186
2/24/2011,1.002777696
2/25/2011,1.010805488
2/28/2011,1.014497161
3/1/2011,1.018796802
3/2/2011,1.013602495
3/3/2011,1.016094923
3/4/2011,1.012801766
3/7/2011,1.014703035
3/8/2011,1.012248158
3/9/2011,1.009203911
3/10/2011,1.009662509
3/11/2011,1.001903653
3/14/2011,1.010100961
3/15/2011,1.008888245
3/16/2011,0.994035721
3/17/2011,0.979719818
3/18/2011,0.984155059
3/21/2011,0.997406781
3/22/2011,1.005884409
3/23/2011,1.009102106
3/24/2011,1.013294458
3/25/2011,1.020200014
3/28/2011,1.024233341
3/29/2011,1.02421236
3/30/2011,1.029198408
3/31/2011,1.031917214
4/1/2011,1.033399463
4/4/2011,1.039501071
4/5/2011,1.036398292
4/6/2011,1.031906605
4/7/2011,1.043536305
4/8/2011,1.046101689
4/11/2011,1.05660212
4/12/2011,1.050497413
4/13/2011,1.045106888
4/14/2011,1.049802661
4/18/2011,1.056200504
4/19/2011,1.048701763
4/20/2011,1.053596497
4/21/2011,1.06812501
4/22/2011,1.074898958
4/25/2011,1.075986147
4/26/2011,1.072604656
4/27/2011,1.079424024
4/28/2011,1.085517049
4/29/2011,1.093900442
5/2/2011,1.096034527
5/3/2011,1.095002413
5/4/2011,1.085399151
5/5/2011,1.075002909
5/6/2011,1.060602784
5/9/2011,1.071593165
5/10/2011,1.080100179
5/11/2011,1.084798694
5/12/2011,1.071294665
5/13/2011,1.066655278
5/16/2011,1.055720925
5/17/2011,1.057384253
5/18/2011,1.06360352
5/19/2011,1.063004255
5/20/2011,1.066996694
5/23/2011,1.06283474
5/24/2011,1.050552607
5/25/2011,1.055899262
5/26/2011,1.053696394
5/27/2011,1.062574983
5/30/2011,1.070698261
5/31/2011,1.070297122
6/1/2011,1.06820488
6/2/2011,1.063411236
6/3/2011,1.067099214
6/6/2011,1.075002909
6/7/2011,1.072995901
6/8/2011,1.072098613
6/9/2011,1.064407229
6/10/2011,1.062699318
6/13/2011,1.053896308
6/14/2011,1.060704112
6/15/2011,1.069415808
6/16/2011,1.057596684
6/17/2011,1.056200504
6/20/2011,1.060377955
6/21/2011,1.059501529
6/22/2011,1.059703708
6/23/2011,1.055297613
6/24/2011,1.053596497
6/27/2011,1.047284842
6/28/2011,1.046003222
6/29/2011,1.053696394
6/30/2011,1.069267154
7/1/2011,1.071799874
7/4/2011,1.077795267
7/5/2011,1.07449472
7/6/2011,1.069164276
7/7/2011,1.069598794
7/8/2011,1.077296019
7/11/2011,1.072202086
7/12/2011,1.064203382
7/13/2011,1.058794856
7/14/2011,1.077795267
7/15/2011,1.072593093
7/18/2011,1.064803958
7/19/2011,1.06131196
7/20/2011,1.074390769
7/21/2011,1.077017546
7/22/2011,1.083775878
7/25/2011,1.08459866
7/26/2011,1.084704638
7/27/2011,1.095998526
7/28/2011,1.103497028
7/29/2011,1.100001097
8/1/2011,1.101734161
8/2/2011,1.097803235
8/3/2011,1.074887395
8/4/2011,1.076090336
8/5/2011,1.042905092
8/8/2011,1.038303018
8/9/2011,1.01292491
8/10/2011,1.038389325
8/11/2011,1.012996793
8/12/2011,1.033826828
8/15/2011,1.038303018
8/16/2011,1.048734665
8/17/2011,1.04760313
8/18/2011,1.053951859
8/19/2011,1.03792572
8/22/2011,1.03849709
8/23/2011,1.039803743
8/24/2011,1.05239892
8/25/2011,1.046331525
8/26/2011,1.044179201
8/29/2011,1.057965994
8/30/2011,1.067953944
8/31/2011,1.067600489
9/1/2011,1.068912745
9/2/2011,1.07230556
9/5/2011,1.060985446
9/6/2011,1.051513672
9/7/2011,1.049196839
9/8/2011,1.065076113
9/9/2011,1.060737848
9/12/2011,1.044201016
9/13/2011,1.035164595
9/14/2011,1.031927824
9/15/2011,1.027696371
9/16/2011,1.032599211
9/19/2011,1.031299949
9/20/2011,1.015104771
9/21/2011,1.025199413
9/22/2011,1.006198168
9/23/2011,0.97656244
9/26/2011,0.982607901
9/27/2011,0.982125282
9/28/2011,0.990491211
9/29/2011,0.974753857
9/30/2011,0.976467192
10/3/2011,0.967679441
10/4/2011,0.952471614
10/5/2011,0.955657542
10/6/2011,0.964041293
10/7/2011,0.974184155
10/10/2011,0.976753235
10/11/2011,0.998402536
10/12/2011,0.995619237
10/13/2011,1.015960693
10/14/2011,1.015403628
10/17/2011,1.034211755
10/18/2011,1.017004251
10/19/2011,1.025304556
10/20/2011,1.023855805
10/21/2011,1.023049355
10/24/2011,1.03199172
10/25/2011,1.046725869
10/26/2011,1.042872429
10/27/2011,1.039901018
10/28/2011,1.069701791
10/31/2011,1.067395329
11/1/2011,1.054507494
11/2/2011,1.030704618
11/3/2011,1.025304556
11/4/2011,1.041851163
11/7/2011,1.039598346
11/8/2011,1.036215782
11/9/2011,1.037871957
11/10/2011,1.013900638
11/11/2011,1.01529026
11/14/2011,1.03330338
11/15/2011,1.020574808
11/16/2011,1.014497161
11/17/2011,1.005297899
11/18/2011,0.998402536
11/21/2011,0.999800026
11/22/2011,0.985221684
11/23/2011,0.984930515
11/24/2011,0.969932079
11/25/2011,0.970873833
11/28/2011,0.982800961
11/29/2011,0.990785718
11/30/2011,1.001803279
12/1/2011,1.025483251
12/2/2011,1.022296309
12/5/2011,1.024002671
12/6/2011,1.025662065
12/7/2011,1.024905205
12/8/2011,1.027654171
12/9/2011,1.017822027
12/12/2011,1.020699739
12/13/2011,1.004157186
12/14/2011,0.998901248
12/15/2011,0.990295172
12/16/2011,0.993838251
12/19/2011,0.996412933
12/20/2011,0.99176836
12/21/2011,1.007901907
12/22/2011,1.007414579
12/23/2011,1.013397098
12/26/2011,1.015795588
12/27/2011,1.016002059
12/28/2011,1.01479578
12/29/2011,1.007891774
12/30/2011,1.014095902
1/2/2012,1.020804048
1/3/2012,1.025399208
1/4/2012,1.037000179
1/5/2012,1.034126163
1/6/2012,1.025704145
1/9/2012,1.019804597
1/10/2012,1.025399208
1/11/2012,1.029802561
1/12/2012,1.031523347
1/13/2012,1.033666492
1/16/2012,1.028119087
1/17/2012,1.03200233
1/18/2012,1.037979603
1/19/2012,1.041894555
1/20/2012,1.041590691
1/23/2012,1.046802521
1/24/2012,1.052897573
1/25/2012,1.047998309
1/26/2012,1.059288383
1/27/2012,1.061582327
1/30/2012,1.06371665
1/31/2012,1.05860436
2/1/2012,1.060805321
2/2/2012,1.071799874
2/3/2012,1.070503354
2/6/2012,1.075199366
2/7/2012,1.072202086
2/8/2012,1.079797029
2/9/2012,1.078795195
2/10/2012,1.076913118
2/13/2012,1.070904613
2/14/2012,1.070503354
2/15/2012,1.070400238
2/16/2012,1.068729997
2/17/2012,1.075060725
2/20/2012,1.080345273
2/21/2012,1.072202086
2/22/2012,1.066996694
2/23/2012,1.062496066
2/24/2012,1.072800279
2/27/2012,1.069518685
2/28/2012,1.075916648
2/29/2012,1.079960227
3/1/2012,1.074113846
3/2/2012,1.080777287
3/5/2012,1.072259545
3/6/2012,1.067703009
3/7/2012,1.05660212
3/8/2012,1.056881428
3/9/2012,1.064463973
3/12/2012,1.056334257
3/13/2012,1.053296804
3/14/2012,1.054296255
3/15/2012,1.044004798
3/16/2012,1.052100062
3/19/2012,1.060198069
3/20/2012,1.059984565
3/21/2012,1.048514843
3/22/2012,1.045904756
3/23/2012,1.040149808
3/26/2012,1.04886663
3/27/2012,1.052698016
3/28/2012,1.044320941
3/29/2012,1.039198637
3/30/2012,1.037495136
4/2/2012,1.042600632
4/3/2012,1.042926908
4/4/2012,1.030980945
4/5/2012,1.028097868
4/6/2012,1.02951622
4/9/2012,1.028795958
4/10/2012,1.031012893
4/11/2012,1.023394823
4/12/2012,1.03200233
4/13/2012,1.043895841
4/16/2012,1.034372211
4/17/2012,1.035400391
4/18/2012,1.04068017
4/19/2012,1.037226081
4/20/2012,1.034639716
4/23/2012,1.038400054
4/24/2012,1.031097889
4/25/2012,1.033399463
4/26/2012,1.036205053
4/27/2012,1.036699176
4/30/2012,1.045631409
5/1/2012,1.042198539
5/2/2012,1.033698559
5/3/2012,1.030779123
5/4/2012,1.02679944
5/7/2012,1.012401938
5/8/2012,1.021565199
5/9/2012,1.010294914
5/10/2012,1.005459666
5/11/2012,1.006026149
5/14/2012,1.002466083
5/15/2012,0.997406781
5/16/2012,0.994629085
5/17/2012,0.993147314
5/18/2012,0.989511192
5/21/2012,0.983864665
5/22/2012,0.99176836
5/23/2012,0.977230489
5/24/2012,0.972857296
5/25/2012,0.976467192
5/28/2012,0.981932461
5/29/2012,0.982125282
5/30/2012,0.982704341
5/31/2012,0.970496833
6/1/2012,0.972100735
6/4/2012,0.964413106
6/5/2012,0.974848926
6/6/2012,0.977612674
6/7/2012,0.990883887
6/8/2012,0.990982115
6/11/2012,0.998601973
6/12/2012,0.987751842
6/13/2012,0.995322049
6/14/2012,0.994925857
6/15/2012,1.001522303
6/18/2012,1.011439323
6/19/2012,1.011296153
6/20/2012,1.018195152
6/21/2012,1.01962781
6/22/2012,1.004439592
6/25/2012,1.00350225
6/26/2012,1.001401901
6/27/2012,1.005005002
6/28/2012,1.007678509
6/29/2012,1.003371358
7/2/2012,1.023918748
7/3/2012,1.023803353
7/4/2012,1.028997183
7/5/2012,1.026862741
7/6/2012,1.028076768
7/9/2012,1.019596696
7/10/2012,1.020689368
7/11/2012,1.018827915
7/12/2012,1.024968266
7/13/2012,1.013695002
7/16/2012,1.023499608
7/17/2012,1.024075985
7/18/2012,1.031597853
7/19/2012,1.036097646
7/20/2012,1.042437553
7/23/2012,1.033987164
7/24/2012,1.027295232
7/25/2012,1.021596551
7/26/2012,1.030460477
7/27/2012,1.039501071
7/30/2012,1.046408176
7/31/2012,1.049868822
8/1/2012,1.048503757
8/2/2012,1.046999812
8/3/2012,1.045882821
8/6/2012,1.055899262
8/7/2012,1.056300879
8/8/2012,1.053696394
8/9/2012,1.055799007
8/10/2012,1.057395458
8/13/2012,1.055286407
8/14/2012,1.051403046
8/15/2012,1.04871273
8/16/2012,1.049604297
8/17/2012,1.05239892
8/20/2012,1.043721557
8/21/2012,1.045205116
8/22/2012,1.046901107
8/23/2012,1.050905824
8/24/2012,1.043242455
8/27/2012,1.040485263
8/28/2012,1.036602378
8/29/2012,1.037495136
8/30/2012,1.034104824
8/31/2012,1.028097868
9/3/2012,1.0278126
9/4/2012,1.024096966
9/5/2012,1.021200061
9/6/2012,1.019295335
9/7/2012,1.028594971
9/10/2012,1.036215782
9/11/2012,1.033399463
9/12/2012,1.043046594
9/13/2012,1.046605349
9/14/2012,1.053518772
9/17/2012,1.053862929
9/18/2012,1.047592163
9/19/2012,1.045500159
9/20/2012,1.047219157
9/21/2012,1.043514609
9/24/2012,1.043558121
9/25/2012,1.042589784
9/26/2012,1.036376834
9/27/2012,1.037279844
9/28/2012,1.043765068
10/1/2012,1.035539746
10/2/2012,1.036097646
10/3/2012,1.025977731
10/4/2012,1.023216844
10/5/2012,1.024264812
10/8/2012,1.017045736
10/9/2012,1.021356583
10/10/2012,1.018755317
10/11/2012,1.022202253
10/12/2012,1.025535822
10/15/2012,1.022630811
10/16/2012,1.026904941
10/17/2012,1.030895948
10/18/2012,1.037904263
10/19/2012,1.037495136
10/22/2012,1.030577183
10/23/2012,1.03367722
10/24/2012,1.026904941
10/25/2012,1.03459692
10/26/2012,1.035143137
10/29/2012,1.035303831
10/30/2012,1.033976436
10/31/2012,1.036602378
11/1/2012,1.037602663
11/2/2012,1.041362882
11/5/2012,1.034297228
11/6/2012,1.038098216
11/7/2012,1.04306829
11/8/2012,1.040398717
11/9/2012,1.040106535
11/12/2012,1.039501071
11/13/2012,1.042654991
11/14/2012,1.044397354
11/15/2012,1.036591649
11/16/2012,1.033987164
11/19/2012,1.036044002
11/20/2012,1.040236354
11/21/2012,1.039004207
11/22/2012,1.038303018
11/23/2012,1.038022757
11/26/2012,1.045904756
11/27/2012,1.047197223
11/28/2012,1.044397354
11/29/2012,1.047504306
11/30/2012,1.042937756
12/3/2012,1.042600632
12/5/2012,1.047493339
12/6/2012,1.044801116
12/7/2012,1.047394633
12/10/2012,1.04818511
12/11/2012,1.048800707
12/12/2012,1.053696394
12/13/2012,1.054629803
12/14/2012,1.053174853
12/17/2012,1.055531502
12/18/2012,1.054796696
12/19/2012,1.051989317
12/20/2012,1.047679901
12/21/2012,1.048097134
12/24/2012,1.039695621
12/25/2012,1.036795855
12/26/2012,1.037398219
12/27/2012,1.03658092
12/28/2012,1.036978722
12/31/2012,1.039198637
1/1/2013,1.039901018
1/2/2013,1.039166212
1/3/2013,1.049295902
1/4/2013,1.045303464
1/7/2013,1.049538255
1/8/2013,1.051171064
1/9/2013,1.051369905
1/10/2013,1.0506078
1/11/2013,1.058033109
1/14/2013,1.053785205
1/15/2013,1.056423545
1/16/2013,1.057082534
1/17/2013,1.055843592
1/18/2013,1.054607511
1/21/2013,1.050718188
1/22/2013,1.051602125
1/23/2013,1.056289673
1/24/2013,1.053685308
1/25/2013,1.044604659
1/28/2013,1.041352034
1/29/2013,1.042231202
1/30/2013,1.046901107
1/31/2013,1.041883707
2/1/2013,1.043220639
2/4/2013,1.042600632
2/5/2013,1.044102907
2/6/2013,1.039004207
2/7/2013,1.03200233
2/8/2013,1.028267026
2/11/2013,1.032279372
2/12/2013,1.026356816
2/13/2013,1.033869624
2/14/2013,1.036097646
2/15/2013,1.035057425
2/18/2013,1.029940367
2/19/2013,1.031895876
2/20/2013,1.034896731
2/21/2013,1.024842143
2/22/2013,1.029442072
2/25/2013,1.029823661
2/26/2013,1.027031422
2/27/2013,1.023394823
2/28/2013,1.023227215
3/1/2013,1.021899343
3/4/2013,1.01962781
3/5/2013,1.020387411
3/6/2013,1.026683569
3/7/2013,1.023352861
3/8/2013,1.027063131
3/11/2013,1.021794915
3/12/2013,1.02789712
3/13/2013,1.03289783
3/14/2013,1.030004025
3/15/2013,1.038022757
3/18/2013,1.035389543
3/19/2013,1.039392948
3/20/2013,1.036119103
3/21/2013,1.037807345
3/22/2013,1.044004798
3/25/2013,1.04487741
3/26/2013,1.046244025
3/27/2013,1.047361732
3/28/2013,1.044866562
3/29/2013,1.041829467
4/1/2013,1.041232824
4/2/2013,1.043797731
4/3/2013,1.045718789
4/4/2013,1.045478344
4/5/2013,1.042394161
4/8/2013,1.035164595
4/9/2013,1.042024851
4/10/2013,1.04889977
4/11/2013,1.053785205
4/12/2013,1.054618716
4/15/2013,1.051403046
4/16/2013,1.03380549
4/17/2013,1.03849709
4/18/2013,1.030301213
4/19/2013,1.029802561
4/22/2013,1.027390242
4/23/2013,1.026567578
4/24/2013,1.026104093
4/25/2013,1.02789712
4/26/2013,1.029389143
4/29/2013,1.028415084
4/30/2013,1.034404278
5/1/2013,1.0370754
5/2/2013,1.028573751
5/3/2013,1.025567412
5/6/2013,1.030248046
5/7/2013,1.024485111
5/8/2013,1.017832398
5/9/2013,1.019170523
5/10/2013,1.007647991
5/13/2013,0.998502254
5/14/2013,0.9971084
5/15/2013,0.990883887
5/16/2013,0.989804983
5/17/2013,0.982607901
5/20/2013,0.976753235
5/21/2013,0.981354237
5/22/2013,0.981932461
5/23/2013,0.966370285
5/24/2013,0.968429148
5/27/2013,0.963762462
5/28/2013,0.962927341
5/29/2013,0.957487583
5/30/2013,0.963669598
5/31/2013,0.966930985
6/3/2013,0.962278724
6/4/2013,0.975324273
6/5/2013,0.964506149
6/6/2013,0.951474786
6/7/2013,0.956150889
6/10/2013,0.941796958
6/11/2013,0.945805371
6/12/2013,0.946073771
6/13/2013,0.948046982
6/14/2013,0.963762462
6/17/2013,0.957579255
6/18/2013,0.954471648
6/19/2013,0.948586583
6/20/2013,0.928074241
6/21/2013,0.920301914
6/24/2013,0.923616886
6/25/2013,0.926183224
6/26/2013,0.926354825
6/27/2013,0.928850114
6/28/2013,0.928160429
7/1/2013,0.912908554
7/2/2013,0.924470782
7/3/2013,0.914494753
7/4/2013,0.90925622
7/5/2013,0.914160371
7/8/2013,0.906207502
7/9/2013,0.913993239
7/10/2013,0.91650629
7/11/2013,0.927557766
7/12/2013,0.917599559
7/15/2013,0.907803476
7/16/2013,0.909173548
7/17/2013,0.924129009
7/18/2013,0.923190594
7/19/2013,0.918020725
7/22/2013,0.921913922
7/23/2013,0.925840139
7/24/2013,0.928936303
7/25/2013,0.912991881
7/26/2013,0.923958302
7/29/2013,0.925583124
7/30/2013,0.919455707
7/31/2013,0.907276332
8/1/2013,0.895014763
8/2/2013,0.894214451
8/5/2013,0.890551269
8/6/2013,0.891424537
8/7/2013,0.898876429
8/8/2013,0.900252044
8/9/2013,0.910746753
8/12/2013,0.918526649
8/13/2013,0.911577046
8/14/2013,0.909918129
8/15/2013,0.914494753
8/16/2013,0.913325429
8/19/2013,0.919963181
8/20/2013,0.911577046
8/21/2013,0.906207502
8/22/2013,0.896957576
8/23/2013,0.901875854
8/26/2013,0.902853012
8/27/2013,0.901388109
8/28/2013,0.894614398
8/29/2013,0.894694448
8/30/2013,0.892618001
9/2/2013,0.893894672
9/3/2013,0.900009036
9/4/2013,0.905633032
9/5/2013,0.91717881
9/6/2013,0.911909521
9/9/2013,0.919624805
9/10/2013,0.923190594
9/11/2013,0.930059552
9/12/2013,0.933532476
9/13/2013,0.926268995
9/16/2013,0.932313979
9/17/2013,0.932227075
9/18/2013,0.935366154
9/19/2013,0.949757874
9/20/2013,0.944554687
9/23/2013,0.94020313
9/24/2013,0.942329407
9/25/2013,0.938438416
9/26/2013,0.936592638
9/27/2013,0.935979009
9/30/2013,0.930146098
10/1/2013,0.932053268
10/2/2013,0.939143479
10/3/2013,0.938702703
10/4/2013,0.94020313
10/7/2013,0.944287062
10/9/2013,0.944822371
10/10/2013,0.945000947
10/11/2013,0.945563912
10/14/2013,0.944733083
10/15/2013,0.951203227
10/16/2013,0.953743517
10/17/2013,0.954380631
10/18/2013,0.961723387
10/21/2013,0.966090262
10/22/2013,0.965344131
10/23/2013,0.970120311
10/24/2013,0.964134216
10/25/2013,0.962186098
10/28/2013,0.959969282
10/29/2013,0.954562783
10/30/2013,0.947867334
10/31/2013,0.947032452
11/1/2013,0.946252823
11/4/2013,0.946611166
11/5/2013,0.951203227
11/6/2013,0.950028479
11/7/2013,0.952743888
11/8/2013,0.945626497
11/11/2013,0.93694371
11/12/2013,0.936417341
11/13/2013,0.930492222
11/14/2013,0.936592638
11/15/2013,0.931011975
11/18/2013,0.937031507
11/19/2013,0.937031507
11/20/2013,0.944019675
11/21/2013,0.932835817
11/22/2013,0.922679484
11/25/2013,0.916590333
11/26/2013,0.919286609
11/27/2013,0.912325561
11/28/2013,0.908430219
11/29/2013,0.908430219
12/2/2013,0.912325561
12/3/2013,0.911660135
12/4/2013,0.913325429
12/5/2013,0.903179169
12/6/2013,0.906700492
12/9/2013,0.910580993
12/10/2013,0.909008265
12/11/2013,0.914662063
12/12/2013,0.904813588
12/13/2013,0.892538428
12/16/2013,0.895255148
12/17/2013,0.894134521
12/18/2013,0.89214021
12/19/2013,0.884799123
12/20/2013,0.886375487
12/23/2013,0.892219841
12/24/2013,0.893016636
12/25/2013,0.892697692
12/26/2013,0.891742468
12/27/2013,0.888651848
12/30/2013,0.885504305
12/31/2013,0.891981125
1/1/2014,0.89150393
1/2/2014,0.889205039
1/3/2014,0.890630543
1/6/2014,0.89653939
1/7/2014,0.896700084
1/8/2014,0.891742468
1/9/2014,0.889046967
1/10/2014,0.889758825
1/13/2014,0.901306868
1/14/2014,0.904977381
1/15/2014,0.896137595
1/16/2014,0.890551269
1/17/2014,0.881989717
1/20/2014,0.877423823
1/21/2014,0.880436718
1/22/2014,0.88059181
1/23/2014,0.884486139
1/24/2014,0.87604028
1/27/2014,0.86948961
1/28/2014,0.873209894
1/29/2014,0.878811836
1/30/2014,0.874890625
1/31/2014,0.879584849
2/3/2014,0.875656784
2/4/2014,0.87504375
2/5/2014,0.891424537
2/6/2014,0.892857134
2/7/2014,0.895014763
2/10/2014,0.894694448
2/11/2014,0.894566417
2/12/2014,0.902119994
2/13/2014,0.902445555
2/14/2014,0.898230493
2/17/2014,0.905961156
2/18/2014,0.903946698
2/19/2014,0.902038574
2/20/2014,0.899928033
2/21/2014,0.900982082
2/24/2014,0.897746682
2/25/2014,0.903750539
2/26/2014,0.900982082
2/27/2014,0.896378636
2/28/2014,0.896169782
3/3/2014,0.890234172
3/4/2014,0.892538428
3/5/2014,0.895415485
3/6/2014,0.897819221
3/7/2014,0.910580993
3/10/2014,0.905797124
3/11/2014,0.902445555
3/12/2014,0.89653939
3/13/2014,0.899766028
3/14/2014,0.90301615
3/17/2014,0.902934551
3/18/2014,0.908430219
3/19/2014,0.913325429
3/20/2014,0.90301615
3/21/2014,0.903832257
3/24/2014,0.909421623
3/25/2014,0.912991881
3/26/2014,0.916254342
3/27/2014,0.921828926
3/28/2014,0.926698148
3/31/2014,0.926011622
4/1/2014,0.926869988
4/2/2014,0.923872888
4/3/2014,0.924727201
4/4/2014,0.923275828
4/7/2014,0.92902261
4/8/2014,0.926698148
4/9/2014,0.935103834
4/10/2014,0.937822342
4/11/2014,0.939761281
4/14/2014,0.938526511
4/15/2014,0.941176474
4/16/2014,0.93431747
4/17/2014,0.937382817
4/18/2014,0.933096945
4/21/2014,0.933358192
4/22/2014,0.933794022
4/23/2014,0.937031507
4/24/2014,0.928850114
4/25/2014,0.927041829
4/28/2014,0.927385688
4/29/2014,0.925377607
4/30/2014,0.927471697
5/1/2014,0.928332686
5/2/2014,0.927643836
5/5/2014,0.927557766
5/6/2014,0.928246558
5/7/2014,0.935103834
5/8/2014,0.932400942
5/9/2014,0.93694371
5/12/2014,0.936066628
5/13/2014,0.936066628
5/14/2014,0.9365049
5/15/2014,0.937119246
5/16/2014,0.935803831
5/19/2014,0.936768174
5/20/2014,0.933445334
5/21/2014,0.923446238
5/22/2014,0.923616886
5/23/2014,0.922764659
5/26/2014,0.924043596
5/27/2014,0.925668836
5/28/2014,0.926526427
5/29/2014,0.92293489
5/30/2014,0.9310987
6/2/2014,0.929973066
6/3/2014,0.92370218
6/4/2014,0.926183224
6/5/2014,0.927385688
6/6/2014,0.932661891
6/9/2014,0.933532476
6/10/2014,0.93440479
6/11/2014,0.937207103
6/12/2014,0.938174367
6/13/2014,0.942595959
6/16/2014,0.939143479
6/17/2014,0.939496458
6/18/2014,0.93370682
6/19/2014,0.940026343
6/20/2014,0.940026343
6/23/2014,0.938702703
6/24/2014,0.941974401
6/25/2014,0.936680377
6/26/2014,0.940556824
6/27/2014,0.940910757
6/30/2014,0.941708267
7/1/2014,0.942951441
7/2/2014,0.949216843
7/3/2014,0.9434852
7/4/2014,0.935016394
7/7/2014,0.936066628
7/8/2014,0.93729496
7/9/2014,0.941087902
7/10/2014,0.941974401
7/11/2014,0.938702703
7/14/2014,0.93835032
7/15/2014,0.939408183
7/16/2014,0.936329603
7/17/2014,0.936680377
7/18/2014,0.935103834
7/21/2014,0.939584732
7/22/2014,0.936768174
7/23/2014,0.938879013
7/24/2014,0.944108725
7/25/2014,0.941708267
7/28/2014,0.94020313
7/29/2014,0.941176474
7/30/2014,0.938614607
7/31/2014,0.932574868
8/1/2014,0.930232525
8/4/2014,0.931272149
8/5/2014,0.93327117
8/6/2014,0.930492222
8/7/2014,0.934666753
8/8/2014,0.926612258
8/11/2014,0.927901983
8/12/2014,0.926440656
8/13/2014,0.927041829
8/14/2014,0.930752099
8/15/2014,0.931619108
8/18/2014,0.931705952
8/19/2014,0.932313979
8/20/2014,0.929800093
8/21/2014,0.928763866
8/22/2014,0.930319071
8/25/2014,0.930059552
8/26/2014,0.927815914
8/27/2014,0.931705952
8/28/2014,0.933619618
8/29/2014,0.935541213
9/1/2014,0.933009923
9/2/2014,0.933532476
9/3/2014,0.927988112
9/4/2014,0.933968365
9/5/2014,0.933619618
9/8/2014,0.936329603
9/9/2014,0.927815914
9/10/2014,0.920725524
9/11/2014,0.915667057
9/12/2014,0.909918129
9/15/2014,0.901469409
9/16/2014,0.90366888
9/17/2014,0.908595324
9/18/2014,0.895896792
9/19/2014,0.898311198
9/22/2014,0.894134521
9/23/2014,0.887784123
9/24/2014,0.885582745
9/25/2014,0.885975003
9/26/2014,0.880514205
9/29/2014,0.873591304
9/30/2014,0.871687591
10/1/2014,0.873743951
10/2/2014,0.874622822
10/3/2014,0.879507482
10/6/2014,0.866325915
10/7/2014,0.876962185
10/8/2014,0.881057262
10/9/2014,0.883938849
10/10/2014,0.876270652
10/13/2014,0.867829561
10/14/2014,0.875580072
10/15/2014,0.870928407
10/16/2014,0.879275441
10/17/2014,0.877192974
10/20/2014,0.875810087
10/21/2014,0.877808988
10/22/2014,0.877116024
10/23/2014,0.876731575
10/24/2014,0.875656784
10/27/2014,0.880436718
10/28/2014,0.880436718
10/29/2014,0.886132061
10/30/2014,0.876808465
10/31/2014,0.88245672
11/3/2014,0.875350118
11/4/2014,0.86948961
11/5/2014,0.874967217
11/6/2014,0.857927263
11/7/2014,0.856164396
11/10/2014,0.864453614
11/11/2014,0.862961709
11/12/2014,0.870625138
11/13/2014,0.871231973
11/14/2014,0.870723605
11/17/2014,0.874967217
11/18/2014,0.87085253
11/19/2014,0.870928407
11/20/2014,0.860141039
11/21/2014,0.862366319
11/24/2014,0.868206263
11/25/2014,0.860511184
11/26/2014,0.855724812
11/27/2014,0.853242278
11/28/2014,0.852442265
12/1/2014,0.843810678
12/2/2014,0.847816885
12/3/2014,0.846023679
12/4/2014,0.840124369
12/5/2014,0.838644743
12/8/2014,0.830909848
12/9/2014,0.830013275
12/10/2014,0.830013275
12/11/2014,0.833402753
12/12/2014,0.824810326
12/15/2014,0.820950687
12/16/2014,0.821625173
12/17/2014,0.822503686
12/18/2014,0.812545717
12/19/2014,0.817327321
12/22/2014,0.814929485
12/23/2014,0.812281728
12/24/2014,0.810964227
12/25/2014,0.811622441
12/26/2014,0.810898483
12/29/2014,0.811622441
12/30/2014,0.813669682
12/31/2014,0.818397582
1/1/2015,0.817126989
1/2/2015,0.817795217
1/5/2015,0.806776881
1/6/2015,0.809978962
1/7/2015,0.808015525
1/8/2015,0.807558775
1/9/2015,0.811424911
1/12/2015,0.8222332
1/13/2015,0.815062344
1/14/2015,0.817394137
1/15/2015,0.814464867
1/16/2015,0.822368443
1/19/2015,0.822706699
1/20/2015,0.819537818
1/21/2015,0.816526532
1/22/2015,0.810110152
1/23/2015,0.801988959
1/26/2015,0.787587583
1/27/2015,0.792204678
1/28/2015,0.792141914
1/29/2015,0.78926599
1/30/2015,0.778210163
2/2/2015,0.778210163
2/3/2015,0.780152917
2/4/2015,0.776276946
2/5/2015,0.776096284
2/6/2015,0.779970407
2/9/2015,0.776096284
2/10/2015,0.779909551
2/11/2015,0.778391838
2/12/2015,0.772260427
2/13/2015,0.77567488
2/16/2015,0.776578367
2/17/2015,0.77567488
2/18/2015,0.781188965
2/19/2015,0.780822992
2/20/2015,0.779544771
2/23/2015,0.784621418
2/24/2015,0.779970407
2/25/2015,0.783330739
2/26/2015,0.788394868
2/27/2015,0.78057915
3/2/2015,0.778573632
3/3/2015,0.77567488
3/4/2015,0.782044291
3/5/2015,0.782350183
3/6/2015,0.778513014
3/9/2015,0.772260427
3/10/2015,0.768521369
3/11/2015,0.764175475
3/12/2015,0.760571957
3/13/2015,0.770653486
3/16/2015,0.761614621
3/17/2015,0.764409125
3/18/2015,0.762311339
3/19/2015,0.777846932
3/20/2015,0.765814066
3/23/2015,0.778391838
3/24/2015,0.787525654
3/25/2015,0.786287129
3/26/2015,0.783024073
3/27/2015,0.783392072
3/30/2015,0.773455024
3/31/2015,0.765814066
4/1/2015,0.761382639
4/2/2015,0.760687649
4/3/2015,0.758207619
4/6/2015,0.764409125
4/7/2015,0.759013295
4/8/2015,0.76429224
4/9/2015,0.7684623
4/10/2015,0.770416021
4/13/2015,0.766929984
4/14/2015,0.758725345
4/15/2015,0.761440635
4/16/2015,0.767872214
4/17/2015,0.778937519
4/20/2015,0.780944884
4/21/2015,0.772260427
4/22/2015,0.77154541
4/23/2015,0.775013566
4/24/2015,0.777725935
4/27/2015,0.783330739
4/28/2015,0.786720157
4/29/2015,0.799680173
4/30/2015,0.799488306
5/1/2015,0.790326357
5/4/2015,0.783024073
5/5/2015,0.784313738
5/6/2015,0.793524802
5/7/2015,0.795671523
5/8/2015,0.790139079
5/11/2015,0.792581439
5/12/2015,0.789951801
5/13/2015,0.799041152
5/14/2015,0.811293244
5/15/2015,0.808668911
5/18/2015,0.804699481
5/19/2015,0.799488306
5/20/2015,0.792204678
5/21/2015,0.787835836
5/22/2015,0.790201545
5/25/2015,0.781188965
5/26/2015,0.782717586
5/27/2015,0.77447331
5/28/2015,0.773514867
5/29/2015,0.765814066
6/1/2015,0.76452601
6/2/2015,0.76149863
6/3/2015,0.776397526
6/4/2015,0.777484059
6/5/2015,0.768816829
6/8/2015,0.762136996
6/9/2015,0.768816829
6/10/2015,0.769112468
6/11/2015,0.773155987
6/12/2015,0.774887383
6/15/2015,0.77303648
6/16/2015,0.775795162
6/17/2015,0.774713397
6/18/2015,0.772558749
6/19/2015,0.778998196
6/22/2015,0.776578367
6/23/2015,0.772857249
6/24/2015,0.77423352
6/25/2015,0.770950615
6/26/2015,0.77339524
6/29/2015,0.762660146
6/30/2015,0.767283022
7/1/2015,0.769408286
7/2/2015,0.764175475
7/3/2015,0.763883591
7/6/2015,0.748447001
7/7/2015,0.747881591
7/8/2015,0.745823383
7/9/2015,0.74222517
7/10/2015,0.746101618
7/13/2015,0.742500782
7/14/2015,0.739480853
7/15/2015,0.744601607
7/16/2015,0.737354398
7/17/2015,0.741509676
7/20/2015,0.736919701
7/21/2015,0.737550199
7/22/2015,0.742500782
7/23/2015,0.737517476
7/24/2015,0.735618651
7/27/2015,0.727590203
7/28/2015,0.727590203
7/29/2015,0.734699905
7/30/2015,0.729873717
7/31/2015,0.729447782
8/3/2015,0.72998029
8/4/2015,0.727590203
8/5/2015,0.737626314
8/6/2015,0.735294104
8/7/2015,0.734537959
8/10/2015,0.740192473
8/11/2015,0.741399765
8/12/2015,0.731047571
8/13/2015,0.738116324
8/14/2015,0.737517476
8/17/2015,0.736919701
8/18/2015,0.73708266
8/19/2015,0.733998775
8/20/2015,0.735456347
8/21/2015,0.733729541
8/24/2015,0.725847423
8/25/2015,0.717205763
8/26/2015,0.710530043
8/27/2015,0.712453723
8/28/2015,0.717411578
8/31/2015,0.714081645
9/1/2015,0.710934162
9/2/2015,0.700918198
9/3/2015,0.70472163
9/4/2015,0.701902151
9/7/2015,0.693577468
9/8/2015,0.694637418
9/9/2015,0.70377928
9/10/2015,0.69657284
9/11/2015,0.707113564
9/14/2015,0.709975183
9/15/2015,0.716075897
9/16/2015,0.712809205
9/17/2015,0.719994247
9/18/2015,0.718907237
9/21/2015,0.719010651
9/22/2015,0.713012457
9/23/2015,0.707914472
9/24/2015,0.699888051
9/25/2015,0.701163888
9/28/2015,0.702099323
9/29/2015,0.697204232
9/30/2015,0.70037818
10/1/2015,0.701016486
10/2/2015,0.703680217
10/5/2015,0.704820991
10/6/2015,0.70881772
10/7/2015,0.715922058
10/8/2015,0.719476223
10/9/2015,0.726744175
10/12/2015,0.731475413
10/13/2015,0.734430075
10/14/2015,0.72228241
10/15/2015,0.732010841
10/16/2015,0.732922852
10/19/2015,0.726005495
10/20/2015,0.725636721
10/21/2015,0.726744175
10/22/2015,0.721552789
10/23/2015,0.721188486
10/26/2015,0.722386777
10/27/2015,0.72511059
10/28/2015,0.719269216
10/29/2015,0.710075974
10/30/2015,0.709018707
11/2/2015,0.713724911
11/3/2015,0.715922058
11/4/2015,0.719114065
11/5/2015,0.713877797
11/6/2015,0.714796245
11/9/2015,0.703878403
11/10/2015,0.705119133
11/11/2015,0.704671979
11/12/2015,0.707113564
11/13/2015,0.713724911
11/16/2015,0.710580528
11/17/2015,0.70952177
11/18/2015,0.711389363
11/19/2015,0.711794436
11/20/2015,0.719165802
11/23/2015,0.722909033
11/24/2015,0.718907237
11/25/2015,0.725794733
11/26/2015,0.72558409
11/27/2015,0.721917391
11/30/2015,0.718390822
12/1/2015,0.723275006
12/2/2015,0.732332468
12/3/2015,0.730300128
12/4/2015,0.732976615
12/7/2015,0.734214425
12/8/2015,0.725900114
12/9/2015,0.722506762
12/10/2015,0.72353667
12/11/2015,0.72721982
12/14/2015,0.716486335
12/15/2015,0.725478828
12/16/2015,0.720305443
12/17/2015,0.720876575
12/18/2015,0.712809205
12/21/2015,0.716691732
12/22/2015,0.719994247
12/23/2015,0.723222673
12/24/2015,0.723379612
12/25/2015,0.72721982
12/28/2015,0.728279054
12/29/2015,0.725794733
12/30/2015,0.729075491
12/31/2015,0.728491306
1/1/2016,0.727166951
1/4/2016,0.728703618
1/5/2016,0.718597293
1/6/2016,0.716281056
1/7/2016,0.708014727
1/8/2016,0.701803625
1/11/2016,0.694299817
1/12/2016,0.698714375
1/13/2016,0.698714375
1/14/2016,0.693577468
1/15/2016,0.69969213
1/18/2016,0.686106384
1/19/2016,0.687899888
1/20/2016,0.691706419
1/21/2016,0.693721831
1/22/2016,0.701606691
1/25/2016,0.700402737
1/26/2016,0.693914354
1/27/2016,0.7007218
1/28/2016,0.701606691
1/29/2016,0.708616734
2/1/2016,0.706863642
2/2/2016,0.711085856
2/3/2016,0.702987671
2/4/2016,0.715461135
2/5/2016,0.719942391
2/8/2016,0.708616734
2/9/2016,0.707914472
2/10/2016,0.706713796
2/11/2016,0.710378647
2/12/2016,0.71240294
2/15/2016,0.711693108
2/16/2016,0.714796245
2/17/2016,0.711997151
2/18/2016,0.717617512
2/19/2016,0.715000749
2/22/2016,0.714285731
2/23/2016,0.723484278
2/24/2016,0.719579756
2/25/2016,0.719476223
2/26/2016,0.723589003
2/29/2016,0.712809205
3/1/2016,0.714285731
3/2/2016,0.718184412
3/3/2016,0.728809834
3/4/2016,0.735781014
3/7/2016,0.741141498
3/8/2016,0.745823383
3/9/2016,0.743383944
3/10/2016,0.747104943
3/11/2016,0.746212959
3/14/2016,0.756315291
3/15/2016,0.752105892
3/16/2016,0.74632436
3/17/2016,0.754716933
3/18/2016,0.764993906
3/21/2016,0.759762943
3/22/2016,0.757174194
3/23/2016,0.762020886
3/24/2016,0.753352463
3/25/2016,0.752671957
3/28/2016,0.750581741
3/29/2016,0.755686522
3/30/2016,0.764000297
3/31/2016,0.76610738
4/1/2016,0.766988814
4/4/2016,0.766871154
4/5/2016,0.75999397
4/6/2016,0.754603088
4/7/2016,0.761208832
4/8/2016,0.751371264
4/11/2016,0.756486893
4/12/2016,0.759474456
4/13/2016,0.768521369
4/14/2016,0.766224861
4/15/2016,0.769585967
4/18/2016,0.764000297
4/19/2016,0.777121544
4/20/2016,0.779666305
4/21/2016,0.780213773
4/22/2016,0.774293482
4/25/2016,0.771081388
4/26/2016,0.771724045
4/27/2016,0.774773419
4/28/2016,0.760398448
4/29/2016,0.763417006
5/2/2016,0.761730611
5/3/2016,0.766377509
5/4/2016,0.749962509
5/5/2016,0.746714473
5/6/2016,0.747607648
5/9/2016,0.737626314
5/10/2016,0.731689453
5/11/2016,0.737300038
5/12/2016,0.735781014
5/13/2016,0.731796563
5/16/2016,0.727484345
5/17/2016,0.728809834
5/18/2016,0.731368363
5/19/2016,0.7227
5/20/2016,0.723222673
5/23/2016,0.722804487
5/24/2016,0.722386777
5/25/2016,0.719062328
5/26/2016,0.71864897
5/27/2016,0.722595513
5/30/2016,0.718493998
5/31/2016,0.719579756
6/1/2016,0.723693728
6/2/2016,0.725005448
6/3/2016,0.723118067
6/6/2016,0.734699905
6/7/2016,0.737354398
6/8/2016,0.744601607
6/9/2016,0.749681413
6/10/2016,0.741674721
6/13/2016,0.737408757
6/14/2016,0.738116324
6/15/2016,0.735618651
6/16/2016,0.741619706
6/17/2016,0.738716066
6/20/2016,0.743107677
6/21/2016,0.746101618
6/22/2016,0.745378673
6/23/2016,0.75142771
6/24/2016,0.753522694
6/27/2016,0.743107677
6/28/2016,0.735726893
6/29/2016,0.740521371
6/30/2016,0.746993303
7/1/2016,0.744878948
7/4/2016,0.746380031
7/5/2016,0.753012061
7/6/2016,0.744379938
7/7/2016,0.751879692
7/8/2016,0.749400437
7/11/2016,0.755914986
7/12/2016,0.75380677
7/13/2016,0.760571957
7/14/2016,0.759647489
7/15/2016,0.76149863
7/18/2016,0.759013295
7/19/2016,0.757518411
7/20/2016,0.750750721
7/21/2016,0.747160792
7/22/2016,0.750694394
7/25/2016,0.747607648
7/26/2016,0.747607648
7/27/2016,0.751653671
7/28/2016,0.751744032
7/29/2016,0.751258373
8/1/2016,0.758782923
8/2/2016,0.752841949
8/3/2016,0.75999397
8/4/2016,0.759013295
8/5/2016,0.764000297
8/8/2016,0.761179805
8/9/2016,0.766048729
8/10/2016,0.766459703
8/11/2016,0.77154541
8/12/2016,0.769585967
8/15/2016,0.765638173
8/16/2016,0.767636418
8/17/2016,0.770077825
8/18/2016,0.766400933
8/19/2016,0.767872214
8/22/2016,0.760803461
8/23/2016,0.76300931
8/24/2016,0.761382639
8/25/2016,0.761035025
8/26/2016,0.762485743
8/29/2016,0.754432261
8/30/2016,0.757747948
8/31/2016,0.752445459
9/1/2016,0.751992762
9/2/2016,0.755286992
9/5/2016,0.756486893
9/6/2016,0.759301424
9/7/2016,0.768816829
9/8/2016,0.766929984
9/9/2016,0.765052378
9/12/2016,0.754489243
9/13/2016,0.756715894
9/14/2016,0.746937573
9/15/2016,0.748222947
9/16/2016,0.751314819
9/19/2016,0.750187576
9/20/2016,0.753749907
9/21/2016,0.755800784
9/22/2016,0.763242245
9/23/2016,0.764935374
9/26/2016,0.761614621
9/27/2016,0.763382077
9/28/2016,0.766988814
9/29/2016,0.769408286
9/30/2016,0.762834728
10/3/2016,0.764409125
10/4/2016,0.768639505
10/5/2016,0.761092961
10/6/2016,0.762369454
10/7/2016,0.757805407
10/10/2016,0.75999397
10/11/2016,0.75999397
10/12/2016,0.75625807
10/13/2016,0.755800784
10/14/2016,0.756372392
10/17/2016,0.759647489
10/18/2016,0.764058709
10/19/2016,0.76745975
10/20/2016,0.772618413
10/21/2016,0.763300538
10/24/2016,0.760224998
10/25/2016,0.759416759
10/26/2016,0.765052378
10/27/2016,0.764993906
10/28/2016,0.759013295
10/31/2016,0.7598207
11/1/2016,0.760745525
11/2/2016,0.76452601
11/3/2016,0.765345156
11/4/2016,0.768580437
11/7/2016,0.767872214
11/8/2016,0.772021949
11/9/2016,0.774593353
11/10/2016,0.764935374
11/11/2016,0.760861337
11/14/2016,0.754944921
11/15/2016,0.757116914
11/16/2016,0.755344093
11/17/2016,0.749456644
11/18/2016,0.739809155
11/21/2016,0.732332468
11/22/2016,0.737680733
11/23/2016,0.741015196
11/24/2016,0.737463176
11/25/2016,0.741674721
11/28/2016,0.744546235
11/29/2016,0.749456644
11/30/2016,0.748447001
12/1/2016,0.738879859
12/2/2016,0.742115021
12/5/2016,0.744379938
12/6/2016,0.747439981
12/7/2016,0.747216642
12/8/2016,0.748615026
12/9/2016,0.745951355
12/12/2016,0.744823456
12/13/2016,0.74973762
12/14/2016,0.749456644
12/15/2016,0.741070092
12/16/2016,0.736811042
12/19/2016,0.729128659
12/20/2016,0.72511059
12/21/2016,0.726955533
12/22/2016,0.72353667
12/23/2016,0.722178102
12/26/2016,0.717926621
12/27/2016,0.718081236
12/28/2016,0.719114065
12/29/2016,0.718493998
12/30/2016,0.723484278
1/2/2017,0.720980525
1/3/2017,0.719683349
1/4/2017,0.722992599
1/5/2017,0.728703618
1/6/2017,0.733837247
1/9/2017,0.731207967
1/10/2017,0.735997617
1/11/2017,0.736160219
1/12/2017,0.744712532
1/13/2017,0.748839319
1/16/2017,0.749793828
1/17/2017,0.747328341
1/18/2017,0.755070269
1/19/2017,0.750919878
1/20/2017,0.756658614
1/23/2017,0.757346272
1/24/2017,0.758265078
1/25/2017,0.759243786
1/26/2017,0.757403612
1/27/2017,0.753352463
1/30/2017,0.755361199
1/31/2017,0.756544113
2/1/2017,0.758035123
2/2/2017,0.758380055
2/3/2017,0.765462399
2/6/2017,0.767601073
2/7/2017,0.764584482
2/8/2017,0.762253225
2/9/2017,0.763172328
2/10/2017,0.762590408
2/13/2017,0.767012298
2/14/2017,0.764239669
2/15/2017,0.766929984
2/16/2017,0.772147119
2/17/2017,0.769822955
2/20/2017,0.766800642
2/21/2017,0.768875897
2/22/2017,0.767636418
2/23/2017,0.769704401
2/24/2017,0.771307409
2/27/2017,0.767047644
2/28/2017,0.767636418
3/1/2017,0.764228046
3/2/2017,0.765755415
3/3/2017,0.757231534
3/6/2017,0.759474456
3/7/2017,0.758921146
3/8/2017,0.759497464
3/9/2017,0.752898693
3/10/2017,0.750750721
3/13/2017,0.754375339
3/14/2017,0.756658614
3/15/2017,0.756549835
3/16/2017,0.77059412
3/17/2017,0.766988814
3/20/2017,0.770475388
3/21/2017,0.77303648
3/22/2017,0.767412603
3/23/2017,0.766941786
3/24/2017,0.763417006
3/27/2017,0.763300538
3/28/2017,0.762892902
3/29/2017,0.765239775
3/30/2017,0.767047644
3/31/2017,0.76552093
4/3/2017,0.762991846
4/4/2017,0.760514081
4/5/2017,0.756887674
4/6/2017,0.756778836
4/7/2017,0.754147828
4/10/2017,0.750722587
4/11/2017,0.750694394
4/12/2017,0.750362039
4/13/2017,0.753909051
4/14/2017,0.756601334
4/17/2017,0.758092642
4/18/2017,0.759186208
4/19/2017,0.755914986
4/20/2017,0.749625206
4/21/2017,0.751908004
4/24/2017,0.755572319
4/25/2017,0.755972147
4/26/2017,0.753693104
4/27/2017,0.748032629
4/28/2017,0.746720016
5/1/2017,0.748340547
5/2/2017,0.753409207
5/3/2017,0.754318476
5/4/2017,0.742886901
5/5/2017,0.741234899
5/8/2017,0.741581202
5/9/2017,0.738879859
5/10/2017,0.734241307
5/11/2017,0.736105978
5/12/2017,0.737898409
5/15/2017,0.739289522
5/16/2017,0.742054462
5/17/2017,0.742115021
5/18/2017,0.743107677
5/19/2017,0.74222517
5/22/2017,0.745212018
5/23/2017,0.747104943
5/24/2017,0.747160792
5/25/2017,0.749748826
5/26/2017,0.745600939
5/29/2017,0.74443537
5/30/2017,0.743881583
5/31/2017,0.745934665
6/1/2017,0.742666125
6/2/2017,0.737952888
6/5/2017,0.742870271
6/6/2017,0.748727143
6/7/2017,0.750976324
6/8/2017,0.75420469
6/9/2017,0.752830625
6/12/2017,0.753012061
6/13/2017,0.754773915
6/14/2017,0.75380677
6/15/2017,0.758898079
6/16/2017,0.75855267
6/19/2017,0.762136996
6/20/2017,0.759191871
6/21/2017,0.757610202
6/22/2017,0.755087376
6/23/2017,0.754147828
6/26/2017,0.756767452
6/27/2017,0.758437574
6/28/2017,0.758667767
6/29/2017,0.763591945
6/30/2017,0.768521369
7/3/2017,0.768828571
7/4/2017,0.766618371
7/5/2017,0.761208832
7/6/2017,0.760092139
7/7/2017,0.757977664
7/10/2017,0.760514081
7/12/2017,0.763901114
7/13/2017,0.767919421
7/14/2017,0.774053693
7/17/2017,0.782521605
7/18/2017,0.779101372
7/19/2017,0.791828334
7/20/2017,0.796019912
7/21/2017,0.794786155
7/24/2017,0.792531192
7/25/2017,0.792769969
7/26/2017,0.793273091
7/27/2017,0.800012827
7/28/2017,0.797359109
7/31/2017,0.798594475
8/1/2017,0.799871981
8/2/2017,0.795608282
8/3/2017,0.79551959
8/4/2017,0.795988262
8/7/2017,0.793084264
8/8/2017,0.791671634
8/9/2017,0.789826989
8/10/2017,0.789160132
8/11/2017,0.786658287
8/14/2017,0.790407598
8/15/2017,0.785360813
8/16/2017,0.782595098
8/17/2017,0.793210149
8/18/2017,0.787525654
8/21/2017,0.792751074
8/22/2017,0.79377681
8/23/2017,0.791327059
8/24/2017,0.79107666
8/25/2017,0.790014207
8/28/2017,0.794060469
8/29/2017,0.792455852
8/30/2017,0.795671523
8/31/2017,0.79070133
9/1/2017,0.793965816
9/4/2017,0.796470046
9/5/2017,0.79453361
9/6/2017,0.800698221
9/7/2017,0.801089525
9/8/2017,0.805801749
9/11/2017,0.805153012
9/12/2017,0.802375019
9/13/2017,0.802008212
9/14/2017,0.797957182
9/15/2017,0.800179243
9/18/2017,0.799680173
9/19/2017,0.797111273
9/20/2017,0.800576448
9/21/2017,0.801667452
9/22/2017,0.79305917
9/25/2017,0.796495438
9/26/2017,0.793682277
9/27/2017,0.787761331
9/28/2017,0.785071075
9/29/2017,0.784627557
10/2/2017,0.784559846
10/3/2017,0.782717586
10/4/2017,0.783631444
10/5/2017,0.786169767
10/6/2017,0.779058933
10/9/2017,0.77793771
10/10/2017,0.775915563
10/11/2017,0.77865243
10/12/2017,0.780457377
10/13/2017,0.782778859
10/16/2017,0.788568854
10/17/2017,0.784418344
10/18/2017,0.785169721
10/19/2017,0.784252226
10/20/2017,0.787506998
10/23/2017,0.780701041
10/24/2017,0.78125
10/25/2017,0.777544498
10/26/2017,0.77079016
10/27/2017,0.765972495
10/30/2017,0.766812325
10/31/2017,0.769763649
11/1/2017,0.765990019
11/2/2017,0.767695367
11/3/2017,0.771390676
11/6/2017,0.765169442
11/7/2017,0.768994153
11/8/2017,0.765509248
11/9/2017,0.767872214
11/10/2017,0.768261552
11/13/2017,0.764701366
11/14/2017,0.76149863
11/15/2017,0.763125777
11/17/2017,0.758731127
11/20/2017,0.755401134
11/21/2017,0.755572319
11/22/2017,0.75848937
11/23/2017,0.761382639
11/24/2017,0.762567103
11/27/2017,0.761197209
11/28/2017,0.760716558
11/29/2017,0.76054883
11/30/2017,0.756658614
12/1/2017,0.756343842
12/4/2017,0.759013295
12/5/2017,0.760410011
12/6/2017,0.760462046
12/7/2017,0.756687224
12/8/2017,0.751201928
12/11/2017,0.750807106
12/12/2017,0.752949715
12/13/2017,0.755658031
12/14/2017,0.763300538
12/15/2017,0.766500831
12/18/2017,0.76511091
12/19/2017,0.766577244
12/20/2017,0.765345156
12/21/2017,0.767224133
12/22/2017,0.770772338
12/25/2017,0.771485865
12/26/2017,0.772558749
12/27/2017,0.7730425
12/28/2017,0.777484059
12/29/2017,0.779429317
1/1/2018,0.780213773
1/2/2018,0.78010422
1/3/2018,0.783392072
1/4/2018,0.782840133
1/5/2018,0.786379933
1/8/2018,0.786101758
1/9/2018,0.784806192
1/10/2018,0.781066954
1/11/2018,0.784732223
1/12/2018,0.788581312
1/15/2018,0.790888965
1/16/2018,0.796292424
1/17/2018,0.797130287
1/18/2018,0.797251046
1/19/2018,0.800576448
1/22/2018,0.800211251
1/23/2018,0.800832868
1/24/2018,0.800448239
1/25/2018,0.804893732
1/26/2018,0.802922606
1/29/2018,0.811688304
1/30/2018,0.809598565
1/31/2018,0.810110152
2/1/2018,0.806126595
2/2/2018,0.804052413
2/5/2018,0.790638864
2/6/2018,0.787463605
2/7/2018,0.789390564
2/8/2018,0.781738639
2/9/2018,0.778749526
2/12/2018,0.782019794
2/13/2018,0.785916388
2/14/2018,0.786101758
2/15/2018,0.792832792
2/16/2018,0.794382155
2/19/2018,0.79120183
2/20/2018,0.790888965
2/21/2018,0.788090348
2/22/2018,0.779842615
2/23/2018,0.783950984
2/26/2018,0.783840358
2/27/2018,0.784990966
2/28/2018,0.7793625
3/1/2018,0.776578367
3/2/2018,0.776469886
3/5/2018,0.775470316
3/6/2018,0.776699007
3/7/2018,0.77863431
3/8/2018,0.782711506
3/9/2018,0.779058933
3/12/2018,0.786268651
3/13/2018,0.787289977
3/14/2018,0.785799026
3/15/2018,0.78797859
3/16/2018,0.778937519
3/19/2018,0.771604955
3/20/2018,0.770831764
3/21/2018,0.76905328
3/22/2018,0.777478039
3/23/2018,0.769349098
3/26/2018,0.770861447
3/27/2018,0.775614679
3/28/2018,0.768757701
3/29/2018,0.766007662
3/30/2018,0.768580437
4/2/2018,0.768302858
4/3/2018,0.765462399
4/4/2018,0.768202543
4/5/2018,0.771998107
4/6/2018,0.766830027
4/9/2018,0.768226147
4/10/2018,0.769959271
4/11/2018,0.776397526
4/12/2018,0.776518106
4/13/2018,0.775734961
4/16/2018,0.77744776
4/17/2018,0.777290702
4/18/2018,0.776699007
4/19/2018,0.778889
4/20/2018,0.772337914
4/23/2018,0.765990019
4/24/2018,0.760340631
4/25/2018,0.760629773
4/26/2018,0.757116914
4/27/2018,0.755686522
4/30/2018,0.757518411
5/1/2018,0.753238916
5/2/2018,0.748290181
5/3/2018,0.748671114
5/4/2018,0.752841949
5/7/2018,0.75242275
5/8/2018,0.751879692
5/9/2018,0.744934499
5/10/2018,0.745934665
5/11/2018,0.752615392
5/14/2018,0.755110264
5/15/2018,0.752598345
5/16/2018,0.746848285
5/17/2018,0.751766682
5/18/2018,0.750638008
5/21/2018,0.752428412
5/22/2018,0.758265078
5/23/2018,0.757891536
5/24/2018,0.756715894
5/25/2018,0.757197142
5/28/2018,0.755686522
5/29/2018,0.754773915
5/30/2018,0.748167038
5/31/2018,0.757116914
6/1/2018,0.756212294
6/4/2018,0.756881952
6/5/2018,0.765403748
6/6/2018,0.762462437
6/7/2018,0.766577244
6/8/2018,0.761440635
6/11/2018,0.760190368
6/12/2018,0.760462046
6/13/2018,0.75757575
6/14/2018,0.757071018
6/15/2018,0.746547222
6/18/2018,0.743992269
6/19/2018,0.740356863
6/20/2018,0.738825262
6/21/2018,0.737408757
6/22/2018,0.737898409
6/25/2018,0.743837297
6/26/2018,0.7409603
6/27/2018,0.7391693
6/28/2018,0.73432225
6/29/2018,0.734645903
7/2/2018,0.739863813
7/3/2018,0.733891129
7/4/2018,0.73784405
7/5/2018,0.738170803
7/6/2018,0.738661528
7/9/2018,0.743632615
7/10/2018,0.747049153
7/11/2018,0.741399765
7/12/2018,0.736588597
7/13/2018,0.74068588
7/16/2018,0.742115021
7/17/2018,0.741471231
7/18/2018,0.737740636
7/19/2018,0.739891231
7/20/2018,0.736279428
7/23/2018,0.743300974
7/24/2018,0.738007367
7/25/2018,0.742622018
7/26/2018,0.745940208
7/27/2018,0.738007367
7/30/2018,0.74008292
7/31/2018,0.740729749
8/1/2018,0.741949856
8/2/2018,0.740581691
8/3/2018,0.736008465
8/6/2018,0.739590287
8/7/2018,0.738552451
8/8/2018,0.742445648
8/9/2018,0.742776513
8/10/2018,0.737245619
8/13/2018,0.728809834
8/14/2018,0.726796985
8/15/2018,0.723589003
8/16/2018,0.723369181
8/17/2018,0.725952804
8/20/2018,0.730817854
8/21/2018,0.733648837
8/22/2018,0.735981405
8/23/2018,0.733299077
8/24/2018,0.724322796
8/27/2018,0.734408498
8/28/2018,0.734861851
8/29/2018,0.7341066
8/30/2018,0.731191933
8/31/2018,0.726163685
9/3/2018,0.719320953
9/4/2018,0.720824599
9/5/2018,0.718339205
9/6/2018,0.71961087
9/7/2018,0.719062328
9/10/2018,0.711794436
9/11/2018,0.710984707
9/12/2018,0.711070657
9/13/2018,0.717061758
9/14/2018,0.718803942
9/17/2018,0.71459198
9/18/2018,0.71459198
9/19/2018,0.722600758
9/20/2018,0.725952804
9/21/2018,0.72865051
9/24/2018,0.727854967
9/25/2018,0.725320935
9/26/2018,0.724900305
9/27/2018,0.725789487
9/28/2018,0.720512986
10/1/2018,0.722392023
10/2/2018,0.72285676
10/3/2018,0.718752265
10/4/2018,0.709622502
10/5/2018,0.708099961
10/8/2018,0.705288231
10/9/2018,0.707363665
10/10/2018,0.711490571
10/11/2018,0.706414282
10/12/2018,0.712453723
10/15/2018,0.710782528
10/16/2018,0.713541567
10/17/2018,0.713913441
10/18/2018,0.711100996
10/19/2018,0.709723175
10/22/2018,0.711328626
10/23/2018,0.707268596
10/24/2018,0.70911926
10/25/2018,0.706299484
10/26/2018,0.708114982
10/29/2018,0.7097736
10/30/2018,0.706329405
10/31/2018,0.709924757
11/1/2018,0.708315611
11/2/2018,0.720512986
11/5/2018,0.719828367
11/6/2018,0.721292555
11/7/2018,0.724359512
11/8/2018,0.727590203
11/9/2018,0.726680815
11/12/2018,0.7227
11/13/2018,0.717566013
11/14/2018,0.723139048
11/15/2018,0.723484278
11/16/2018,0.727166951
11/19/2018,0.731796563
11/20/2018,0.729501009
11/21/2018,0.721656919
11/22/2018,0.726216435
11/23/2018,0.725021243
11/26/2018,0.723379612
11/27/2018,0.72235024
11/28/2018,0.722961247
11/29/2018,0.730252147
11/30/2018,0.732187688
12/3/2018,0.737310886
12/4/2018,0.735689044
12/5/2018,0.734591961
12/6/2018,0.726638615
12/7/2018,0.723118067
12/10/2018,0.718493998
12/11/2018,0.719098508
12/12/2018,0.721292555
12/13/2018,0.722125947
12/14/2018,0.722491145
12/17/2018,0.717566013
12/18/2018,0.717720509
12/19/2018,0.718803942
12/20/2018,0.711389363
12/21/2018,0.71159184
12/24/2018,0.705019712
12/25/2018,0.705218613
12/26/2018,0.704612434
12/27/2018,0.707478762
12/28/2018,0.703531742
12/31/2018,0.704473436
1/1/2019,0.70417577
1/2/2019,0.704791188
1/3/2019,0.691897869
1/4/2019,0.700623572
1/7/2019,0.712377608
1/8/2019,0.71459198
1/9/2019,0.716332376
1/10/2019,0.717566013
1/11/2019,0.718700588
1/14/2019,0.720512986
1/15/2019,0.719942391
1/16/2019,0.720767438
1/17/2019,0.7173087
1/18/2019,0.719031334
1/21/2019,0.716383696
1/22/2019,0.715891361
1/23/2019,0.712210119
1/24/2019,0.714796245
1/25/2019,0.70911926
1/28/2019,0.717942119
1/29/2019,0.716599286
1/30/2019,0.715922058
1/31/2019,0.725468278
2/1/2019,0.727166951
2/4/2019,0.724900305
2/5/2019,0.721401811
2/6/2019,0.724375248
2/7/2019,0.71099484
2/8/2019,0.709541917
2/11/2019,0.710176826
2/12/2019,0.706349373
2/13/2019,0.710479558
2/14/2019,0.709219873
2/15/2019,0.710328221
2/18/2019,0.714540899
2/19/2019,0.713215888
2/20/2019,0.716691732
2/21/2019,0.717000067
2/22/2019,0.710883617
2/25/2019,0.715922058
2/26/2019,0.717411578
2/27/2019,0.719398558
2/28/2019,0.714847386
3/1/2019,0.710277736
3/4/2019,0.710030556
3/5/2019,0.709219873
3/6/2019,0.70874238
3/7/2019,0.70348227
3/8/2019,0.702345848
3/11/2019,0.703927875
3/12/2019,0.707338631
3/13/2019,0.706414282
3/14/2019,0.708717227
3/15/2019,0.706813633
3/18/2019,0.708290577
3/19/2019,0.709975183
3/20/2019,0.708968401
3/21/2019,0.713521242
3/22/2019,0.710782528
3/25/2019,0.708315611
3/26/2019,0.711612105
3/27/2019,0.71369946
3/28/2019,0.708451092
3/29/2019,0.708315611
4/1/2019,0.711389363
4/2/2019,0.710989773
4/3/2019,0.705840826
4/4/2019,0.711748838
4/5/2019,0.711035311
4/8/2019,0.710176826
4/9/2019,0.712159395
4/10/2019,0.712910831
4/11/2019,0.716691732
4/12/2019,0.71225071
4/15/2019,0.7173087
4/16/2019,0.717617512
4/17/2019,0.71649152
4/18/2019,0.717411578
4/19/2019,0.714796245
4/22/2019,0.71510303
4/23/2019,0.713724911
4/24/2019,0.709667802
4/25/2019,0.701458991
4/26/2019,0.701779008
4/29/2019,0.704428732
4/30/2019,0.705517113
5/1/2019,0.705129087
5/2/2019,0.701458991
5/3/2019,0.699545324
5/6/2019,0.697330654
5/7/2019,0.699251831
5/8/2019,0.700849473
5/9/2019,0.699496388
5/10/2019,0.698709488
5/13/2019,0.698509395
5/14/2019,0.694589138
5/15/2019,0.693914354
5/16/2019,0.692712605
5/17/2019,0.689322352
5/20/2019,0.690321684
5/21/2019,0.692060709
5/23/2019,0.687757909
5/24/2019,0.689959705
5/27/2019,0.693288982
5/28/2019,0.691993654
5/29/2019,0.692616701
5/30/2019,0.69184041
5/31/2019,0.690607786
6/3/2019,0.692962289
6/4/2019,0.697204232
6/5/2019,0.699139357
6/6/2019,0.697107017
6/7/2019,0.697544694
6/10/2019,0.699589372
6/11/2019,0.696112216
6/12/2019,0.696088016
6/13/2019,0.693048775
6/14/2019,0.691323936
6/17/2019,0.68789041
6/18/2019,0.685400963
6/19/2019,0.688041806
6/20/2019,0.688548744
6/21/2019,0.692237973
6/24/2019,0.694429994
6/25/2019,0.696567953
6/26/2019,0.696184874
6/27/2019,0.698660612
6/28/2019,0.70037818
7/1/2019,0.702331007
7/2/2019,0.696475863
7/3/2019,0.699594259
7/4/2019,0.70313108
7/5/2019,0.702538252
7/8/2019,0.698275208
7/9/2019,0.697398722
7/10/2019,0.692712605
7/11/2019,0.696184874
7/12/2019,0.697257698
7/15/2019,0.701779008
7/16/2019,0.704002261
7/17/2019,0.701655924
7/18/2019,0.701016486
7/19/2019,0.706718802
7/22/2019,0.704309702
7/23/2019,0.703185439
7/24/2019,0.699741066
7/25/2019,0.697934091
7/26/2019,0.695216894
7/29/2019,0.690622032
7/30/2019,0.689940691
7/31/2019,0.687521517
8/1/2019,0.684650123
8/2/2019,0.68035078
8/5/2019,0.679301679
8/6/2019,0.676352024
8/7/2019,0.676301718
8/8/2019,0.675812662
8/9/2019,0.68117106
8/12/2019,0.677681208
8/13/2019,0.675588906
8/14/2019,0.679777265
8/15/2019,0.675401866
8/16/2019,0.677277327
8/19/2019,0.67866087
8/20/2019,0.675584376
8/21/2019,0.677520514
8/22/2019,0.678499699
8/23/2019,0.675584376
8/26/2019,0.670807838
8/27/2019,0.676956415
8/28/2019,0.675438344
8/29/2019,0.673958898
8/30/2019,0.673582137
9/2/2019,0.672766387
9/3/2019,0.671249032
9/4/2019,0.676397741
9/5/2019,0.679994583
9/6/2019,0.681180358
9/9/2019,0.684668899
9/10/2019,0.686530292
9/11/2019,0.68585223
9/12/2019,0.687379718
9/13/2019,0.68638891
9/16/2019,0.68799448
9/17/2019,0.686294675
9/18/2019,0.686624527
9/19/2019,0.682570577
9/20/2019,0.679278612
9/23/2019,0.67690146
9/24/2019,0.677598596
9/25/2019,0.67994833
9/26/2019,0.675538778
9/27/2019,0.675401866
9/30/2019,0.676086843
10/1/2019,0.675310612
10/2/2019,0.670870781
10/3/2019,0.670960844
10/4/2019,0.674531698
10/7/2019,0.676452696
10/8/2019,0.673251092
10/9/2019,0.672811687
10/10/2019,0.671817243
10/11/2019,0.676320016
10/14/2019,0.679638684
10/15/2019,0.677539825
10/16/2019,0.675319791
10/17/2019,0.675639153
10/18/2019,0.682547271
10/21/2019,0.684772015
10/22/2019,0.687058568
10/23/2019,0.686129868
10/24/2019,0.685030043
10/25/2019,0.681663275
10/28/2019,0.682400107
10/29/2019,0.683959901
10/30/2019,0.685588896
10/31/2019,0.689788342
11/1/2019,0.68929863
11/4/2019,0.69179976
11/5/2019,0.689027905
11/6/2019,0.689084888
11/7/2019,0.687730014
11/8/2019,0.686099708
11/11/2019,0.685800493
11/12/2019,0.685025334
11/13/2019,0.684399962
11/14/2019,0.683950067
11/15/2019,0.678831339
11/18/2019,0.681598246
11/19/2019,0.680522084
11/20/2019,0.682489991
11/21/2019,0.679899752
11/22/2019,0.678941905
11/25/2019,0.679200172
11/26/2019,0.677639902
11/27/2019,0.678900003
11/28/2019,0.676720023
11/29/2019,0.676900029
12/2/2019,0.676480114
12/3/2019,0.681881726
12/4/2019,0.684870005
12/5/2019,0.684960127
12/6/2019,0.683300018
12/9/2019,0.683531642
12/10/2019,0.682799876
12/11/2019,0.681140006
12/12/2019,0.68704915
12/13/2019,0.692712605
12/16/2019,0.68747896
12/17/2019,0.687431693
12/18/2019,0.685260057
12/19/2019,0.685470045
12/20/2019,0.68930006
12/23/2019,0.690389812
12/24/2019,0.692519784
12/25/2019,0.692185223
12/26/2019,0.692472816
12/27/2019,0.694637418
12/30/2019,0.698299646
12/31/2019,0.70013988
1/1/2020,0.701700211
1/2/2020,0.701951444
1/3/2020,0.69851917
1/6/2020,0.694420338
1/7/2020,0.693731427
1/8/2020,0.686039984
1/9/2020,0.687380135
1/10/2020,0.685321093
1/13/2020,0.690060139
1/14/2020,0.689890206
1/15/2020,0.689655125
1/16/2020,0.690779507
1/17/2020,0.690100193
1/20/2020,0.688179135
1/21/2020,0.687639713
1/22/2020,0.684689999
1/23/2020,0.684298754
1/24/2020,0.683980465
1/27/2020,0.680188775
1/28/2020,0.676170051
1/29/2020,0.676420689
1/30/2020,0.675219476
1/31/2020,0.670825779
2/3/2020,0.669361949
2/4/2020,0.669049799
2/5/2020,0.673178554
2/6/2020,0.67517978
2/7/2020,0.673399746
2/10/2020,0.667231619
2/11/2020,0.669009984
2/12/2020,0.672099888
2/13/2020,0.671319783
2/14/2020,0.672199786
2/17/2020,0.672598958
2/18/2020,0.671199977
2/19/2020,0.66960001
2/20/2020,0.668400049
2/21/2020,0.661380053
2/24/2020,0.660690069
2/25/2020,0.661200702
2/26/2020,0.660519838
2/27/2020,0.654651642
2/28/2020,0.658020318
3/2/2020,0.651631355
3/3/2020,0.654749811
3/4/2020,0.658219516
3/5/2020,0.662690103
3/6/2020,0.661550641
3/9/2020,0.661358178
3/10/2020,0.659799874
3/11/2020,0.649909854
3/12/2020,0.64793992
3/13/2020,0.627411604
3/16/2020,0.617768288
3/17/2020,0.609942019
3/18/2020,0.599220037
3/19/2020,0.580979884
3/20/2020,0.574290216
3/23/2020,0.575330973
3/24/2020,0.587660074
3/25/2020,0.597550094
3/26/2020,0.590809822
3/27/2020,0.607910156
3/30/2020,0.618058443
3/31/2020,0.616899371
4/1/2020,0.613699853
4/2/2020,0.609139562
4/3/2020,0.606321514
4/6/2020,0.599470079
4/7/2020,0.611759961
4/8/2020,0.615219951
4/9/2020,0.623530805
4/10/2020,0.633260071
4/13/2020,0.633520842
4/14/2020,0.640110612
4/15/2020,0.643429875
4/16/2020,0.630890131
4/17/2020,0.635860085
4/20/2020,0.634018898
4/21/2020,0.634570122
4/22/2020,0.629399896
4/23/2020,0.629899859
4/24/2020,0.637679875
4/27/2020,0.639754355
4/28/2020,0.644911647
4/29/2020,0.650269926
4/30/2020,0.655501306
5/1/2020,0.64955014
5/4/2020,0.637681901
5/5/2020,0.642611563
5/6/2020,0.643600047
5/7/2020,0.639075637
5/8/2020,0.650329947
5/11/2020,0.653710127
5/12/2020,0.648466408
5/13/2020,0.645529866
5/14/2020,0.645494401
5/15/2020,0.647123516
5/18/2020,0.642578542
5/19/2020,0.65260011
5/20/2020,0.654009402
5/21/2020,0.659230113
5/22/2020,0.656689405
5/25/2020,0.654578805
5/26/2020,0.654739916
5/27/2020,0.664669991
5/28/2020,0.662080646
5/29/2020,0.663349867
6/1/2020,0.665978491
6/2/2020,0.678600073
6/3/2020,0.691419959
6/4/2020,0.692904651
6/5/2020,0.693989992
6/8/2020,0.700239897
6/9/2020,0.702449441
6/10/2020,0.694299817
6/11/2020,0.696830094
6/12/2020,0.683088064
6/15/2020,0.68250072
6/16/2020,0.695820153
6/17/2020,0.689531505
6/18/2020,0.687570214
6/19/2020,0.685720563
6/22/2020,0.68229115
6/23/2020,0.693160176
6/24/2020,0.694029927
6/25/2020,0.685678244
6/26/2020,0.688819051
6/29/2020,0.686191082
6/30/2020,0.687190771
7/1/2020,0.69020015
7/2/2020,0.691323936
7/3/2020,0.691919923
7/6/2020,0.694840133
7/7/2020,0.697699904
7/8/2020,0.694232285
7/9/2020,0.6989097
7/10/2020,0.695894182
7/13/2020,0.695028484
7/14/2020,0.694010675
7/15/2020,0.698899925
7/16/2020,0.700918198
7/17/2020,0.697800219
7/20/2020,0.700499892
7/21/2020,0.702592552
7/22/2020,0.713559926
7/23/2020,0.714081645
7/24/2020,0.710010469
7/27/2020,0.7098189
7/28/2020,0.715900064
7/29/2020,0.716024637
7/30/2020,0.717169762
7/31/2020,0.72036767
8/3/2020,0.714689016
8/4/2020,0.711794436
8/5/2020,0.717710257
8/6/2020,0.719909728
8/7/2020,0.723099768
8/10/2020,0.715712011
8/11/2020,0.715800166
8/12/2020,0.714519978
8/13/2020,0.716486335
8/14/2020,0.714880049
8/17/2020,0.719258904
8/18/2020,0.721813142
8/19/2020,0.725794733
8/20/2020,0.718803942
8/21/2020,0.720611691
8/24/2020,0.716137469
8/25/2020,0.716890037
8/26/2020,0.719932079
8/27/2020,0.724501193
8/28/2020,0.726989865
8/31/2020,0.737300038
9/1/2020,0.738099992
9/2/2020,0.737849414
9/3/2020,0.733110964
9/4/2020,0.72558409
9/7/2020,0.728220761
9/8/2020,0.728099823
9/9/2020,0.720939994
9/10/2020,0.72766006
9/11/2020,0.726299763
9/14/2020,0.728151798
9/15/2020,0.728600085
9/16/2020,0.729681969
9/17/2020,0.729550004
9/18/2020,0.731309593
9/21/2020,0.729341447
9/22/2020,0.723118067
9/23/2020,0.717442513
9/24/2020,0.70690012
9/25/2020,0.705716252
9/28/2020,0.704190612
9/29/2020,0.709519744
9/30/2020,0.714360237
10/1/2020,0.716650665
10/2/2020,0.718287587
10/5/2020,0.717720509
10/6/2020,0.719320953
10/7/2020,0.711009979
10/8/2020,0.713820219
10/9/2020,0.717799842
10/12/2020,0.722459793
10/13/2020,0.721188486
10/14/2020,0.716440141
10/15/2020,0.714147985
10/16/2020,0.708839774
10/19/2020,0.709599793
10/20/2020,0.705616713
10/21/2020,0.704999864
10/22/2020,0.710560322
10/23/2020,0.712610066
10/26/2020,0.713200629
10/27/2020,0.711709857
10/28/2020,0.712310076
10/29/2020,0.705520093
10/30/2020,0.703759968
11/2/2020,0.700819969
11/3/2020,0.70536983
11/4/2020,0.719683349
11/5/2020,0.718049824
11/6/2020,0.726270199
11/9/2020,0.728671789
11/10/2020,0.728200018
11/11/2020,0.728169799
11/12/2020,0.728427589
11/13/2020,0.724018574
11/16/2020,0.729080856
11/17/2020,0.732099771
11/18/2020,0.729600012
11/19/2020,0.730198801
11/20/2020,0.726910055
11/23/2020,0.731700182
11/24/2020,0.72982043
11/25/2020,0.736669958
11/26/2020,0.736485481
11/27/2020,0.735799968
11/30/2020,0.740028143
12/1/2020,0.735679805
12/2/2020,0.738089085
12/3/2020,0.741800129
12/4/2020,0.743899822
12/7/2020,0.743157387
12/8/2020,0.741759956
12/9/2020,0.741099715
12/10/2020,0.743499935
12/11/2020,0.752439797
12/14/2020,0.755110264
12/15/2020,0.753920376
12/16/2020,0.755560935
12/17/2020,0.756999969
12/18/2020,0.761529922
12/21/2020,0.758742571
12/22/2020,0.75752008
12/23/2020,0.755170047
12/24/2020,0.757959902
12/25/2020,0.760680139
12/28/2020,0.761191428
12/29/2020,0.758892298
12/30/2020,0.760989845
12/31/2020,0.768929064
1/1/2021,0.770297348
1/4/2021,0.771230042
1/5/2021,0.767099977
1/6/2021,0.776600063
1/7/2021,0.781700075
1/8/2021,0.776899993
1/11/2021,0.771652579
1/12/2021,0.770749748
1/13/2021,0.777604997
1/14/2021,0.774713397
1/15/2021,0.777580202
1/18/2021,0.768887699
1/19/2021,0.768698633
1/20/2021,0.771180093
1/21/2021,0.775570154
1/22/2021,0.776102245
1/25/2021,0.771579981
1/26/2021,0.77189976
1/27/2021,0.775313973
1/28/2021,0.765099823
1/29/2021,0.766969919
2/1/2021,0.76199764
2/2/2021,0.763460159
2/3/2021,0.760820746
2/4/2021,0.763600051
2/5/2021,0.760300219
2/8/2021,0.767919958
2/9/2021,0.771099806
2/10/2021,0.774050117
2/11/2021,0.772534847
2/12/2021,0.775399983
2/15/2021,0.776409566
2/16/2021,0.778619707
2/17/2021,0.773790181
2/18/2021,0.775869787
2/19/2021,0.776799798
2/22/2021,0.788848817
2/23/2021,0.791540027
2/24/2021,0.790882707
2/25/2021,0.79770261
2/26/2021,0.787
3/1/2021,0.775241911
3/2/2021,0.777200103
3/3/2021,0.782519758
3/4/2021,0.775810242
3/5/2021,0.771560311
3/8/2021,0.770910144
3/9/2021,0.765667498
3/10/2021,0.77178359
3/11/2021,0.773200274
3/12/2021,0.778761566
3/15/2021,0.776299894
3/16/2021,0.775013566
3/17/2021,0.774557352
3/18/2021,0.781300068
3/19/2021,0.775369942
3/22/2021,0.772250295
3/23/2021,0.77455014
3/24/2021,0.760470152
3/25/2021,0.759100318
3/26/2021,0.75940007
3/29/2021,0.763737738
3/30/2021,0.764117062
3/31/2021,0.760879815
4/1/2021,0.759409845
4/2/2021,0.761900127
4/5/2021,0.762099862
4/6/2021,0.765872717
4/7/2021,0.766694784
4/8/2021,0.761388481
4/9/2021,0.765900314
4/12/2021,0.762600243
4/13/2021,0.762770712
4/14/2021,0.764749944
4/15/2021,0.772509754
4/16/2021,0.77516973
4/19/2021,0.771402597
4/20/2021,0.776700258
4/21/2021,0.772379696
4/22/2021,0.775440276
4/23/2021,0.770534813
4/26/2021,0.774311423
4/27/2021,0.779970407
4/28/2021,0.777000189
4/29/2021,0.780129731
4/30/2021,0.777762234
5/3/2021,0.772299767
5/4/2021,0.775891483
5/5/2021,0.771379948
5/6/2021,0.775119901
5/7/2021,0.778731287
5/10/2021,0.785879314
5/11/2021,0.783899903
5/12/2021,0.783809602
5/13/2021,0.773230195
5/14/2021,0.772620201
5/17/2021,0.777871132
5/18/2021,0.777369857
5/19/2021,0.778998196
5/20/2021,0.772030234
5/21/2021,0.777000189
5/24/2021,0.773000062
5/25/2021,0.775080204
5/26/2021,0.775313973
5/27/2021,0.773990214
5/28/2021,0.774250329
5/31/2021,0.771009982
6/1/2021,0.774349809
6/2/2021,0.775590003
6/3/2021,0.774430156
6/4/2021,0.766577244
6/7/2021,0.774400175
6/8/2021,0.775629699
6/9/2021,0.77369982
6/10/2021,0.772949815
6/11/2021,0.774799824
6/14/2021,0.77089119
6/15/2021,0.771200299
6/16/2021,0.768621743
6/17/2021,0.761672676
6/18/2021,0.755689919
6/21/2021,0.750399768
6/22/2021,0.753489792
6/23/2021,0.755481005
6/24/2021,0.757443786
6/25/2021,0.758207619
6/28/2021,0.759499848
6/29/2021,0.756840169
6/30/2021,0.751359999
7/1/2021,0.749770164
7/2/2021,0.74658066
7/5/2021,0.751859903
7/6/2021,0.754300296
7/7/2021,0.749499857
7/8/2021,0.748441398
7/9/2021,0.743328631
7/12/2021,0.749007523
7/13/2021,0.748099804
7/14/2021,0.744199932
7/15/2021,0.748038232
7/16/2021,0.742300093
7/19/2021,0.739099979
7/20/2021,0.733920217
7/21/2021,0.733891129
7/22/2021,0.735261679
7/23/2021,0.738049865
7/26/2021,0.736821949
7/27/2021,0.738825262
7/28/2021,0.736637414
7/29/2021,0.737710118
7/30/2021,0.739609957
8/2/2021,0.734230578
8/3/2021,0.736059964
8/4/2021,0.739679992
8/5/2021,0.738299966
8/6/2021,0.740299881
8/9/2021,0.733783364
8/10/2021,0.733100176
8/11/2021,0.734379888
8/12/2021,0.737408757
8/13/2021,0.734149694
8/16/2021,0.736572266
8/17/2021,0.7341066
8/18/2021,0.72555989
8/19/2021,0.723099768
8/20/2021,0.714620054
8/23/2021,0.713979721
8/24/2021,0.720959723
8/25/2021,0.724879801
8/26/2021,0.72766006
8/27/2021,0.723839879
8/30/2021,0.731598437
8/31/2021,0.729123354
9/1/2021,0.731790185
9/2/2021,0.736800194
9/3/2021,0.739930093
9/6/2021,0.744501889
9/7/2021,0.743671358
9/8/2021,0.738659859
9/9/2021,0.736377001
9/10/2021,0.73708266
9/13/2021,0.736811042
9/14/2021,0.736590207
9/15/2021,0.731709778
9/16/2021,0.734120071
9/17/2021,0.729149997
9/20/2021,0.726401031
9/21/2021,0.725970209
9/22/2021,0.722799778
9/23/2021,0.723399997
9/24/2021,0.72998029
9/27/2021,0.726612151
9/28/2021,0.728060126
9/29/2021,0.72442776
9/30/2021,0.717999816
10/1/2021,0.723118067
10/4/2021,0.72752142
10/5/2021,0.728969753
10/6/2021,0.729075491
10/7/2021,0.728141189
10/8/2021,0.731679797
10/11/2021,0.72949034
10/12/2021,0.734840274
10/13/2021,0.733508885
10/14/2021,0.738606989
10/15/2021,0.741379976
10/18/2021,0.742478669
10/19/2021,0.741700053
10/20/2021,0.747719467
10/21/2021,0.751529932
10/22/2021,0.746370018
10/25/2021,0.746909678
10/26/2021,0.74917984
10/27/2021,0.751297832
10/28/2021,0.750075042
10/29/2021,0.753160059
11/1/2021,0.75182879
11/2/2021,0.752049863
11/3/2021,0.743899822
11/4/2021,0.746900201
11/5/2021,0.740932822
11/8/2021,0.739590287
11/9/2021,0.741479993
11/10/2021,0.737619758
11/11/2021,0.733412087
11/12/2021,0.729199946
11/15/2021,0.733250678
11/16/2021,0.734489918
11/17/2021,0.730161488
11/18/2021,0.726860404
11/19/2021,0.727900088
11/22/2021,0.723169804
11/23/2021,0.722804487
11/24/2021,0.722219825
11/25/2021,0.720200121
11/26/2021,0.717370391
11/29/2021,0.714280605
11/30/2021,0.714580238
12/1/2021,0.712499857
12/2/2021,0.710759819
12/3/2021,0.70878005
12/6/2021,0.701789856
12/7/2021,0.704920352
12/8/2021,0.712259829
12/9/2021,0.717000067
12/10/2021,0.714612424
12/13/2021,0.716609597
12/14/2021,0.713317633
12/15/2021,0.710600257
12/16/2021,0.716650188
12/17/2021,0.717560887
12/20/2021,0.711698174
12/21/2021,0.710949838
12/22/2021,0.714779913
12/23/2021,0.721399724
12/24/2021,0.723320007
12/27/2021,0.723128557
12/28/2021,0.723699987
12/29/2021,0.723399997
12/30/2021,0.725879014
12/31/2021,0.724980175
1/3/2022,0.726818144
1/4/2022,0.719799936
1/5/2022,0.723880231
1/6/2022,0.722080052
1/7/2022,0.716260016
1/10/2022,0.717911124
1/11/2022,0.718099833
1/12/2022,0.720979989
1/13/2022,0.728220761
1/14/2022,0.728226006
1/17/2022,0.721651733
1/18/2022,0.721079826
1/19/2022,0.718750179
1/20/2022,0.721700132
1/21/2022,0.721709013
1/24/2022,0.718788445
1/25/2022,0.71544987
1/26/2022,0.715880036
1/27/2022,0.712299943
1/28/2022,0.703550041
1/31/2022,0.699799836
2/1/2022,0.706830144
2/2/2022,0.713399112
2/3/2022,0.712079763
2/4/2022,0.71450007
2/7/2022,0.708029807
2/8/2022,0.712999821
2/9/2022,0.71459198
2/10/2022,0.717741132
2/11/2022,0.716169775
2/14/2022,0.714479625
2/15/2022,0.713209808
2/16/2022,0.714908719
2/17/2022,0.719450295
2/18/2022,0.718933105
2/21/2022,0.717169762
2/22/2022,0.718450129
2/23/2022,0.722689569
2/24/2022,0.722799778
2/25/2022,0.716020048
2/28/2022,0.71864897
3/1/2022,0.726200104
3/2/2022,0.726142585
3/3/2022,0.729341447
3/4/2022,0.733699977
3/7/2022,0.739480853
3/8/2022,0.732849836
3/9/2022,0.72679168
3/10/2022,0.73168999
3/11/2022,0.736599982
3/14/2022,0.72965008
3/15/2022,0.719869852
3/16/2022,0.719100058
3/17/2022,0.728879929
3/18/2022,0.738099992
3/21/2022,0.740998745
3/22/2022,0.73957932
3/23/2022,0.746230185
3/24/2022,0.749917507
3/25/2022,0.75142771
3/28/2022,0.751823127
3/29/2022,0.749950171
3/30/2022,0.751467288
3/31/2022,0.750300109
4/1/2022,0.749192774
4/4/2022,0.748648703
4/5/2022,0.75439018
4/6/2022,0.758569956
4/7/2022,0.750508487
4/8/2022,0.747848094
4/11/2022,0.744651496
4/12/2022,0.74153173
4/13/2022,0.74549979
4/14/2022,0.745149791
4/15/2022,0.741015196
4/18/2022,0.739382446
4/19/2022,0.735759377
4/20/2022,0.739398837
4/21/2022,0.744699776
4/22/2022,0.736111403
4/25/2022,0.723693728
4/26/2022,0.717849851
4/27/2022,0.714600146
4/28/2022,0.712570429
4/29/2022,0.710883617
5/2/2022,0.706539035
5/3/2022,0.705099761
5/4/2022,0.710378647
5/5/2022,0.725289881
5/6/2022,0.712100089
5/9/2022,0.704699755
5/10/2022,0.695739269
5/11/2022,0.693600059
5/12/2022,0.692750096
5/13/2022,0.687190771
5/16/2022,0.694618106
5/17/2022,0.697282016
5/18/2022,0.703284323
5/19/2022,0.695900023
5/20/2022,0.704150021
5/23/2022,0.70628947
5/24/2022,0.708898067
5/25/2022,0.710320055
5/26/2022,0.708939791
5/27/2022,0.709879398
5/30/2022,0.716281056
5/31/2022,0.719520211
6/1/2022,0.718261838
6/2/2022,0.717360079
6/3/2022,0.726900041
6/6/2022,0.720492244
6/7/2022,0.718860745
6/8/2022,0.722060263
6/9/2022,0.71864897
6/10/2022,0.7098189
6/13/2022,0.701828241
6/14/2022,0.694160044
6/15/2022,0.688989937
6/16/2022,0.701690376
6/17/2022,0.704049826
6/20/2022,0.695300043
6/21/2022,0.696950078
6/22/2022,0.696180105
6/23/2022,0.690521896
6/24/2022,0.690350294
6/27/2022,0.694338381
6/28/2022,0.692252278
6/29/2022,0.69043988
6/30/2022,0.688046575
7/1/2022,0.689759851
7/4/2022,0.681579649
7/5/2022,0.687379718
7/6/2022,0.679320157
7/7/2022,0.678600073
7/8/2022,0.684900045
7/11/2022,0.684579849
7/12/2022,0.674331605
7/13/2022,0.674700141
7/14/2022,0.673230231
7/15/2022,0.675488532
7/18/2022,0.681477487
7/19/2022,0.681019843
7/20/2022,0.689797878
7/21/2022,0.688738406
7/22/2022,0.692290187
7/25/2022,0.690469444
7/26/2022,0.695120275
7/27/2022,0.694738746
7/28/2022,0.699490011
7/29/2022,0.700083971
8/1/2022,0.697121561
8/2/2022,0.702390254
8/3/2022,0.689029813
8/4/2022,0.69389993
8/5/2022,0.695919871
8/8/2022,0.690250218
8/9/2022,0.698770046
8/10/2022,0.695700586
8/11/2022,0.707814276
8/12/2022,0.710289836
8/15/2022,0.711667776
8/16/2022,0.70200026
8/17/2022,0.70194006
8/18/2022,0.693040133
8/19/2022,0.691119909
8/22/2022,0.687710583
8/23/2022,0.687870026
8/24/2022,0.6923002
8/25/2022,0.690798581
8/26/2022,0.696398199
8/29/2022,0.686690569
8/30/2022,0.690750837
8/31/2022,0.685739815
9/1/2022,0.682850242
9/2/2022,0.679530203
9/5/2022,0.679029524
9/6/2022,0.681399882
9/7/2022,0.673010945
9/8/2022,0.675140142
9/9/2022,0.676589966
9/12/2022,0.684699833
9/13/2022,0.689398468
9/14/2022,0.674300194
9/15/2022,0.67517978
9/16/2022,0.668729901
9/19/2022,0.672699869
9/20/2022,0.673369884
9/21/2022,0.669420242
9/22/2022,0.661010206
9/23/2022,0.664540172
9/26/2022,0.653069794
9/27/2022,0.647600055
9/28/2022,0.643800139
9/29/2022,0.650499582
9/30/2022,0.651299894
10/3/2022,0.642095804
10/4/2022,0.650179863
10/5/2022,0.651410222
10/6/2022,0.651269794
10/7/2022,0.641440928
10/10/2022,0.636983216
10/11/2022,0.629481077
10/12/2022,0.626640975
10/13/2022,0.627730608
10/14/2022,0.630099893
10/17/2022,0.622393727
10/18/2022,0.629881561
10/19/2022,0.631640136
10/20/2022,0.626370192
10/21/2022,0.627470672
10/24/2022,0.637190223
10/25/2022,0.632959843
10/26/2022,0.638570011
10/27/2022,0.649349809
10/28/2022,0.64509058
10/31/2022,0.640131056
11/1/2022,0.6409899
11/2/2022,0.639670014
11/3/2022,0.633850157
11/4/2022,0.628851712
11/7/2022,0.643931568
11/8/2022,0.647479653
11/9/2022,0.650918722
11/10/2022,0.643417835
11/11/2022,0.660690069
11/14/2022,0.669882119
11/15/2022,0.66918999
11/16/2022,0.676949978
11/17/2022,0.673949778
11/18/2022,0.66892004
11/21/2022,0.668208003
11/22/2022,0.660780013
11/23/2022,0.664982021
11/24/2022,0.674350202
11/25/2022,0.676559806
11/28/2022,0.6711905
11/29/2022,0.665198803
11/30/2022,0.66840899
12/1/2022,0.679959893
12/2/2022,0.681101501
12/5/2022,0.681300998
12/6/2022,0.670780778
12/7/2022,0.669882119
12/8/2022,0.672699869
12/9/2022,0.677650034
12/12/2022,0.678140819
12/13/2022,0.675400019
12/14/2022,0.68422997
12/15/2022,0.68577981
12/16/2022,0.670591891
12/19/2022,0.668748736
12/20/2022,0.670780778
12/21/2022,0.668849826
12/22/2022,0.671681881
12/23/2022,0.667800128
12/26/2022,0.671249032
12/27/2022,0.674458921
12/28/2022,0.672992766
12/29/2022,0.674710095
12/30/2022,0.676600039
1/2/2023,0.682309747
1/3/2023,0.680560052
1/4/2023,0.672799945
1/5/2023,0.68291086
1/6/2023,0.675569773
1/9/2023,0.689398468
1/10/2023,0.690969944
1/11/2023,0.689500153
1/12/2023,0.691099823
1/13/2023,0.696781516
1/16/2023,0.697350085
1/17/2023,0.696639836
1/18/2023,0.698841333
1/19/2023,0.694400072
1/20/2023,0.691399872
1/23/2023,0.69827038
1/24/2023,0.702928364
1/25/2023,0.704671979
1/26/2023,0.71081996
1/27/2023,0.71138984
1/30/2023,0.710797727
1/31/2023,0.705809951
2/1/2023,0.705139995
2/2/2023,0.71450007
2/3/2023,0.707468748
2/6/2023,0.692079842
2/7/2023,0.688780189
2/8/2023,0.69645983
2/9/2023,0.693000197
2/10/2023,0.693938434
2/13/2023,0.691347778
2/14/2023,0.697000086
2/15/2023,0.698758304
2/16/2023,0.690689743
2/17/2023,0.686240077
2/20/2023,0.68694061
2/21/2023,0.690900207
2/22/2023,0.686190128
2/23/2023,0.681291699
2/24/2023,0.681013346
2/27/2023,0.673568487
2/28/2023,0.674300194
3/1/2023,0.673078835
3/2/2023,0.675979853
3/3/2023,0.673500001
3/6/2023,0.675461173
3/7/2023,0.673309982
3/8/2023,0.659100175
3/9/2023,0.659400046
3/10/2023,0.659100175
3/13/2023,0.663420379
3/14/2023,0.6659199
3/15/2023,0.668909788
3/16/2023,0.661830008
3/17/2023,0.666340113
3/20/2023,0.671321213
3/21/2023,0.671689987
3/22/2023,0.667789876
3/23/2023,0.669931471
3/24/2023,0.668159783
3/27/2023,0.665530801
3/28/2023,0.666009545
3/29/2023,0.670690775
3/30/2023,0.668248236
3/31/2023,0.671681881
4/3/2023,0.6658898
4/4/2023,0.678850234
4/5/2023,0.675808132
4/6/2023,0.671668351
4/7/2023,0.667601287
4/10/2023,0.667350054
4/11/2023,0.664829969
4/12/2023,0.665400207
4/13/2023,0.66990006
